Filename,a_Good,b_Moderate,c_Unhealthy_for_Sensitive_Groups,d_Unhealthy,e_Very_Unhealthy,f_Severe
BRI_Un_2023-02-02- 12.00-9.jpg,0.9999931,6.73E-06,1.66E-07,1.93E-11,1.79E-09,8.76E-08
BIR_UNH_VF_2023-02-02- 12.00-3-72.jpg,0.99997294,8.80E-06,1.25E-05,4.04E-06,6.91E-07,9.29E-07
BIR_UNH_VF_2023-02-02- 12.00-3-71.jpg,3.50E-12,6.48E-15,1,5.46E-08,1.33E-08,2.76E-11
BIR_UNH_VF_2023-02-02- 12.00-3-65.jpg,0.000102205,3.28E-06,0.002795204,0.004490776,0.03041265,0.96219593
MH_VUN_2023-02-24-15.00-1-191.jpg,0.000195201,0.000253541,0.00268092,0.000367143,0.9698039,0.026699286
MH_VUN_2023-02-24-15.00-1-216.jpg,2.26E-10,1,2.41E-17,1.87E-12,1.12E-18,1.03E-20
MH_VUN_2023-02-24-15.00-1-246.jpg,1,5.53E-08,2.64E-12,2.83E-20,1.47E-14,1.46E-09
MH_VUN_2023-02-24-15.00-1-261.jpg,0.057929497,0.004922153,0.23309386,0.47483006,0.16195457,0.06726986
MH_VUN_2023-02-24-15.00-1-31.jpg,2.25E-09,3.37E-07,4.70E-07,0.9999988,4.13E-07,2.61E-09
MH_VUN_2023-02-24-15.00-1-316.jpg,7.39E-05,0.000386011,0.004290262,0.07976453,0.9141293,0.001356026
MH_VUN_2023-02-24-15.00-1-346.jpg,0.000856159,4.35E-05,0.84255666,0.10636541,0.047622968,0.002555328
MH_VUN_2023-02-24-15.00-1-366.jpg,4.24E-10,6.79E-09,3.89E-07,0.99999905,5.92E-07,4.62E-09
MH_VUN_2023-02-24-15.00-1-91.jpg,2.71E-05,1.64E-05,0.048785333,0.9509715,0.000194795,4.80E-06
MH_VUN_2023-02-25-10.00-1-101.jpg,4.05E-12,1.47E-15,0.99999976,1.39E-07,9.56E-08,4.97E-11
MH_VUN_2023-02-25-10.00-1-131.jpg,4.42E-05,2.47E-07,0.99463695,0.002252251,0.002939822,0.000126502
MH_VUN_2023-02-25-10.00-1-141.jpg,7.67E-05,0.000185931,0.99774927,0.00190266,8.07E-05,4.63E-06
MH_VUN_2023-02-25-10.00-1-151.jpg,7.47E-13,4.02E-09,5.69E-09,0.99999964,3.88E-07,5.78E-11
MH_VUN_2023-02-25-10.00-1-171.jpg,4.27E-05,0.000227769,0.029088112,0.000176777,0.90359807,0.06686655
MH_VUN_2023-02-25-10.00-1-236.jpg,9.17E-14,8.95E-13,1,2.27E-13,3.57E-15,2.68E-19
MH_VUN_2023-02-25-10.00-1-251.jpg,1,3.75E-13,1.46E-16,1.72E-26,1.64E-20,4.18E-16
MH_VUN_2023-02-25-10.00-1-306.jpg,0.016808812,0.9826984,0.000492775,1.60E-08,4.54E-09,5.05E-09
MH_VUN_2023-02-25-10.00-1-326.jpg,8.84E-13,4.07E-17,0.9999999,2.74E-10,9.34E-08,1.89E-10
MH_VUN_2023-02-25-10.00-1-331.jpg,0,0,0,0,0,1
MH_VUN_2023-02-25-10.00-1-356.jpg,5.88E-36,9.49E-36,3.94E-32,4.68E-30,4.07E-17,1
MH_VUN_2023-02-25-10.00-1-41.jpg,7.98E-14,2.36E-13,2.20E-16,5.51E-11,5.24E-06,0.99999475
MH_VUN_2023-02-25-10.00-1-76.jpg,0.000100444,1.03E-05,0.9998448,4.94E-07,4.23E-05,1.63E-06
MH_VUN_2023-02-25-10.00-2.jpg,5.93E-23,1.10E-14,1.13E-16,3.82E-11,1,3.21E-15
MH_UN_2023-03-02-08.00-1-101.jpg,5.65E-10,2.25E-11,6.69E-09,8.66E-10,8.50E-06,0.99999154
MH_UN_2023-03-02-08.00-1-11.jpg,0.000229513,1.98E-05,0.023191985,0.035835993,0.1357824,0.80494034
MH_UN_2023-03-02-08.00-1-146.jpg,1.28E-10,6.41E-08,4.23E-08,4.54E-05,0.9999542,2.39E-07
MH_UN_2023-03-02-08.00-1-156.jpg,9.97E-07,3.26E-06,0.9999888,6.51E-06,3.40E-07,4.56E-09
MH_UN_2023-03-02-08.00-1-201.jpg,2.58E-08,1.87E-08,2.72E-07,0.99999964,1.75E-07,2.92E-09
MH_UN_2023-03-02-08.00-1-206.jpg,0.003952079,6.75E-05,0.81755227,0.17376398,0.004311973,0.000352211
MH_UN_2023-03-02-08.00-1-21.jpg,8.62E-06,0.9999914,3.76E-11,1.28E-13,2.56E-16,1.36E-16
MH_UN_2023-03-02-08.00-1-236.jpg,0.34791774,0.65187156,0.000206497,1.16E-06,2.95E-07,2.83E-06
MH_UN_2023-03-02-08.00-1-286.jpg,4.27E-10,1,3.86E-18,1.67E-24,1.74E-29,2.83E-31
MH_UN_2023-03-02-08.00-1-71.jpg,6.23E-19,4.54E-14,2.65E-14,1,2.27E-13,1.58E-17
MH_UN_2023-03-02-08.00-1-86.jpg,3.87E-14,4.73E-15,1,3.71E-22,1.37E-15,1.75E-22
MH_VUN_2023-03-05-08.30-1-1.jpg,0.000729451,0.9981358,0.000631008,0.000460111,4.27E-05,8.04E-07
MH_VUN_2023-03-05-08.30-1-11.jpg,1.57E-06,0.9999968,1.53E-06,9.77E-08,1.15E-08,7.39E-12
MH_VUN_2023-03-05-08.30-1-111.jpg,0.001334057,0.00029558,0.2600982,0.7256622,0.011440872,0.001169177
MH_VUN_2023-03-05-08.30-1-126.jpg,3.24E-09,5.04E-07,4.68E-06,0.99977225,0.00022242,2.17E-07
MH_VUN_2023-03-05-08.30-1-131.jpg,2.40E-15,3.08E-16,7.43E-11,1.10E-09,4.66E-06,0.99999535
MH_VUN_2023-03-05-08.30-1-6.jpg,2.20E-35,2.71E-24,3.44E-25,5.61E-22,1,2.50E-23
MH_VUN_2023-03-05-08.30-1-61.jpg,0.9999807,1.58E-05,2.30E-06,1.21E-09,8.45E-08,1.27E-06
MH_VUN_2023-03-05-08.30-1-81.jpg,0.21216825,0.001010354,0.7688887,0.000143276,0.015440485,0.002349031
MH_VUN_2023-03-05-08.30-1-86.jpg,0.028308487,0.001336606,0.89947045,0.00348495,0.058847044,0.008552461
MH_VUN_2023-03-05-08.30-1-96.jpg,1.23E-14,1.20E-15,2.03E-13,1.68E-12,1.49E-07,0.9999999
MH_VUN_2023-03-05-08.30-2-121.jpg,7.43E-23,9.81E-24,2.39E-21,6.43E-22,1.51E-11,1
MH_VUN_2023-03-05-08.30-2-126.jpg,7.64E-07,0.9999993,7.97E-13,4.31E-19,7.03E-22,1.97E-23
MH_VUN_2023-03-05-08.30-2-141.jpg,1,2.72E-14,4.50E-18,8.37E-29,2.11E-22,2.25E-17
MH_VUN_2023-03-05-08.30-2-166.jpg,3.20E-08,5.39E-11,0.9999987,9.99E-07,3.11E-07,1.86E-09
MH_VUN_2023-03-05-08.30-2-171.jpg,6.91E-06,1.38E-08,0.9980799,0.000279634,0.001604051,2.95E-05
MH_VUN_2023-03-05-08.30-2-206.jpg,1.34E-06,5.30E-09,0.99862003,0.000363938,0.001006305,8.40E-06
MH_VUN_2023-03-05-08.30-2-231.jpg,0.007436328,0.0004103,0.9891474,9.11E-05,0.002582834,0.000332063
MH_VUN_2023-03-05-08.30-2-261.jpg,1.45E-08,2.74E-08,0.99933535,7.41E-07,0.000660184,3.75E-06
MH_VUN_2023-03-05-08.30-2-266.jpg,5.76E-10,1.50E-08,4.47E-07,0.99999785,1.64E-06,1.17E-08
MH_VUN_2023-03-05-08.30-2-271.jpg,0.000116117,9.28E-06,0.010764577,0.011829227,0.076308176,0.9009726
MH_VUN_2023-03-05-08.30-2-276.jpg,0.000168197,0.9979253,0.00190643,7.26E-10,7.93E-09,8.77E-10
MH_VUN_2023-03-05-08.30-2-286.jpg,0.000361977,0.011140659,7.65E-06,0.18644652,0.7879847,0.014058407
MH_VUN_2023-03-05-08.30-2-291.jpg,1.03E-05,0.000503839,1.05E-06,0.99941325,6.94E-05,2.00E-06
MH_VUN_2023-03-05-08.30-2-301.jpg,1.64E-10,2.96E-07,3.51E-07,0.9999502,4.92E-05,1.63E-08
MH_VUN_2023-03-05-08.30-2-311.jpg,7.82E-09,2.80E-07,2.56E-05,3.07E-05,0.9999378,5.60E-06
MH_VUN_2023-03-05-08.30-2-321.jpg,0.99999523,4.71E-06,7.56E-09,2.00E-15,1.82E-11,1.73E-08
MH_VUN_2023-03-05-08.30-2-341.jpg,0.9999944,5.13E-06,1.98E-07,3.44E-11,3.77E-09,1.93E-07
MH_VUN_2023-03-05-08.30-2-381.jpg,8.86E-12,9.62E-09,3.23E-08,0.9999989,1.13E-06,5.21E-10
MH_VUN_2023-03-05-08.30-2-56.jpg,2.19E-05,1.78E-05,0.99960595,0.000337689,1.58E-05,6.86E-07
MH_VUN_2023-03-05-08.30-2-6.jpg,6.76E-07,1.17E-07,0.99999857,5.21E-07,7.79E-08,9.04E-10
MH_VUN_2023-03-05-08.30-2-96.jpg,1.96E-18,2.36E-18,1,3.80E-18,2.00E-21,6.71E-27
MH_UnFSG_2023-03-08-11.00-1-101.jpg,2.31E-10,1.74E-08,2.26E-07,0.999998,1.74E-06,6.53E-09
MH_UnFSG_2023-03-08-11.00-1-111.jpg,0.011514277,0.9675271,0.02095252,1.88E-06,3.58E-06,5.75E-07
MH_UnFSG_2023-03-08-11.00-1-116.jpg,1.26E-35,2.49E-37,1.66E-28,1.19E-23,2.99E-16,1
MH_UnFSG_2023-03-08-11.00-1-136.jpg,2.88E-06,5.83E-06,0.99995875,3.11E-05,1.41E-06,2.93E-08
MH_UnFSG_2023-03-08-11.00-1-166.jpg,1.83E-35,1.19E-37,1.37E-32,7.54E-32,1.04E-18,1
MH_UnFSG_2023-03-08-11.00-1-21.jpg,1.82E-16,5.58E-18,3.24E-14,9.52E-14,1.22E-07,0.9999999
MH_UnFSG_2023-03-08-11.00-1-216.jpg,1.94E-05,0.99994564,4.14E-06,2.89E-05,1.92E-06,3.78E-09
MH_UnFSG_2023-03-08-11.00-1-226.jpg,6.09E-18,3.74E-18,2.73E-14,5.08E-12,6.34E-08,0.9999999
MH_UnFSG_2023-03-08-11.00-1-231.jpg,6.71E-10,2.45E-06,8.60E-07,3.32E-05,0.99996257,8.83E-07
MH_UnFSG_2023-03-08-11.00-1-276.jpg,0.9999993,5.22E-07,1.14E-07,8.01E-12,1.57E-09,1.77E-07
MH_UnFSG_2023-03-08-11.00-1-281.jpg,2.71E-05,7.33E-06,0.99979335,0.000149394,2.20E-05,8.46E-07
MH_UnFSG_2023-03-08-11.00-1-286.jpg,0.9999778,1.18E-05,2.00E-06,3.06E-11,3.05E-08,8.29E-06
MH_UnFSG_2023-03-08-11.00-1-291.jpg,0.000131697,0.00017435,0.990239,0.009286236,0.000158826,9.84E-06
MH_UnFSG_2023-03-08-11.00-1-296.jpg,4.15E-08,3.06E-09,1,1.34E-09,6.11E-09,1.22E-11
MH_UnFSG_2023-03-08-11.00-1-31.jpg,0.000812235,0.001032288,0.35649252,0.009276695,0.6067234,0.025662769
MH_UnFSG_2023-03-08-11.00-1-36.jpg,1.80E-09,2.26E-08,9.88E-07,0.9999968,2.21E-06,2.43E-08
MH_UnFSG_2023-03-08-11.00-1-381.jpg,1.09E-07,2.21E-09,1.37E-05,0.003436586,0.003514458,0.9930352
MH_UnFSG_2023-03-08-11.00-1-71.jpg,1.19E-09,5.24E-08,8.33E-07,0.99997973,1.94E-05,6.59E-08
MH_UnFSG_2023-03-08-11.00-1-81.jpg,5.06E-05,0.001298375,0.99814093,0.000486082,2.36E-05,4.25E-07
MH_UnFSG_2023-03-08-11.00-1-86.jpg,0.010077279,0.9889137,0.001008889,3.67E-08,2.86E-08,3.34E-08
MH_UnFSG_2023-03-08-11.00-1-91.jpg,1.27E-11,8.85E-09,8.38E-08,0.99999905,8.53E-07,3.42E-10
MH_UnFSG_2023-03-08-11.00-5.jpg,0.99995875,8.94E-06,5.99E-06,1.04E-10,1.14E-07,2.63E-05
MH_UnFSG_2023-03-10-16.00-1-116.jpg,1.44E-06,8.57E-08,0.9982796,0.000846324,0.000841266,3.12E-05
MH_UnFSG_2023-03-10-16.00-1-146.jpg,0.9998995,2.49E-05,6.14E-05,1.21E-06,3.55E-06,9.46E-06
MH_UnFSG_2023-03-10-16.00-1-26.jpg,0.99331385,0.00095076,0.003007293,0.002452718,0.000154018,0.000121451
MH_UnFSG_2023-03-10-16.00-1-266.jpg,8.86E-06,1.63E-05,0.001209294,0.998473,0.000282624,9.92E-06
MH_UnFSG_2023-03-10-16.00-1-291.jpg,4.32E-05,0.000510716,0.000133324,0.00387188,0.9950906,0.0003502
MH_UnFSG_2023-03-10-16.00-1-296.jpg,7.70E-12,8.32E-09,2.13E-08,0.99999976,2.47E-07,2.73E-10
MH_UnFSG_2023-03-10-16.00-1-351.jpg,0.9999999,1.13E-07,3.69E-10,5.56E-15,6.16E-13,8.17E-11
MH_UnFSG_2023-03-10-16.00-1-366.jpg,3.43E-30,3.76E-20,2.33E-21,4.47E-18,1,3.78E-20
MH_UnFSG_2023-03-10-16.00-1-386.jpg,2.51E-07,2.46E-05,0.00386513,3.75E-06,0.98887503,0.007231153
MH_UnFSG_2023-03-10-16.00-1-406.jpg,2.46E-14,1.24E-10,1.74E-10,9.24E-10,1,6.16E-10
MH_UnFSG_2023-03-10-16.00-1-416.jpg,7.38E-18,6.12E-14,7.80E-13,1,1.05E-10,3.12E-15
MH_UnFSG_2023-03-10-16.00-1-426.jpg,0.000358042,1.39E-06,0.9995448,8.51E-05,1.01E-05,5.49E-07
MH_UnFSG_2023-03-10-16.00-1-51.jpg,6.33E-10,9.33E-10,1,2.24E-09,9.24E-10,6.18E-13
MH_UnFSG_2023-03-10-16.00-1-6.jpg,1,2.19E-08,1.04E-09,1.67E-13,3.00E-12,7.96E-11
MH_UnFSG_2023-03-10-16.00-1-96.jpg,1,7.03E-11,6.86E-13,1.91E-20,9.81E-16,9.37E-11
MH_UnFSG_2023-03-10-16.00-2.jpg,0.9996816,0.000318339,1.07E-07,7.02E-14,5.70E-11,3.91E-08
MH_UnFSG_2023-03-10-16.00-5.jpg,1.11E-07,1.15E-06,6.95E-05,0.9998785,5.04E-05,2.13E-07
MH_UN_2023-03-12-13.00-1-1.jpg,0.99698335,0.003014036,2.01E-06,2.84E-11,2.79E-09,5.68E-07
MH_UN_2023-03-12-13.00-1-141.jpg,5.07E-08,4.12E-09,0.99984574,3.89E-05,0.00011292,2.45E-06
MH_UN_2023-03-12-13.00-1-148.jpg,1.34E-25,5.11E-17,3.92E-18,1.07E-15,1,3.20E-16
MH_UN_2023-03-12-13.00-1-176.jpg,1.43E-11,3.76E-09,1.22E-08,8.53E-07,0.99999905,7.13E-08
MH_UN_2023-03-12-13.00-1-211.jpg,2.24E-17,2.95E-12,3.40E-12,5.30E-10,1,8.70E-12
MH_UN_2023-03-12-13.00-1-22.jpg,6.31E-08,1.63E-09,1.77E-05,0.002571135,0.00319876,0.9942123
MH_UN_2023-03-12-13.00-1-225.jpg,1.67E-16,5.23E-13,2.25E-11,1,1.65E-10,8.36E-15
MH_UN_2023-03-12-13.00-1-29.jpg,1,1.09E-09,1.48E-12,8.20E-20,2.09E-15,2.34E-11
MH_UN_2023-03-12-13.00-1-344.jpg,0.99983716,0.00016267,4.49E-08,1.01E-12,3.28E-10,9.94E-08
MH_UN_2023-03-12-13.00-1-365.jpg,5.32E-19,2.48E-12,4.77E-14,2.44E-09,1,1.46E-12
MH_UN_2023-03-12-13.00-1-400.jpg,0.003818176,0.000532394,0.99085355,0.000109116,0.004357301,0.000329375
MH_UN_2023-03-12-13.00-1-421.jpg,1.41E-07,1.21E-05,1.35E-05,0.001649319,0.9982999,2.51E-05
MH_UN_2023-03-12-13.00-1-435.jpg,1.00E-05,0.99999,6.47E-12,7.94E-18,2.27E-20,6.43E-21
MH_UN_2023-03-12-13.00-1-442.jpg,0.997166,0.000519741,0.001330081,1.54E-05,0.000316869,0.000651913
MH_UN_2023-03-12-13.00-1.jpg,1.44E-05,8.71E-05,0.9994978,0.00039054,9.81E-06,2.91E-07
MH_UN_2023-03-12-13.00-2.jpg,7.49E-06,4.91E-05,0.9998155,0.000123766,4.02E-06,9.16E-08
MH_UN_2023-03-13-10.00-1-120.jpg,4.40E-28,8.65E-19,2.94E-20,7.53E-18,1,4.60E-18
MH_UN_2023-03-13-10.00-1-141.jpg,2.89E-07,5.04E-05,5.13E-05,0.99985147,4.62E-05,3.86E-07
MH_UN_2023-03-13-10.00-1-246.jpg,0.999995,4.01E-06,2.04E-09,4.17E-16,2.69E-11,9.66E-07
MH_UN_2023-03-13-10.00-1-71.jpg,1,2.00E-08,1.52E-10,1.98E-16,6.39E-13,9.32E-10
MH_UN_2023-03-13-10.00-1-92.jpg,0.99999666,3.39E-06,3.52E-08,3.42E-10,8.34E-10,4.41E-09
MH_UN_2023-03-13-10.00-7.jpg,1.77E-12,4.91E-10,1.61E-09,1,3.44E-08,4.80E-11
MH_UnFSG_2023-03-14-13.00-1-109.jpg,3.66E-12,2.35E-09,1.40E-08,1,2.73E-08,2.82E-11
MH_UnFSG_2023-03-14-13.00-1-133.jpg,0.000182384,0.13076167,0.001672543,0.8544141,0.01287599,9.33E-05
MH_UnFSG_2023-03-14-13.00-1-151.jpg,2.56E-05,1.67E-05,0.001319889,0.9984763,0.000154566,6.91E-06
MH_UnFSG_2023-03-14-13.00-1-19.jpg,3.49E-05,3.38E-05,0.99992824,7.12E-08,2.52E-06,4.42E-07
MH_UnFSG_2023-03-14-13.00-1-205.jpg,2.91E-06,9.90E-05,6.72E-05,0.004855694,0.99477565,0.000199445
MH_UnFSG_2023-03-14-13.00-1-217.jpg,0.18507753,0.79852724,0.014402408,0.000661258,0.000472238,0.000859304
MH_UnFSG_2023-03-14-13.00-1-259.jpg,9.48E-09,5.78E-06,6.81E-06,0.000230742,0.99974686,9.82E-06
MH_UnFSG_2023-03-14-13.00-1-307.jpg,0.99885416,0.001052363,7.94E-05,7.11E-07,2.73E-06,1.06E-05
MH_UnFSG_2023-03-14-13.00-1-325.jpg,9.60E-19,9.31E-22,1.89E-18,7.06E-19,2.03E-10,1
MH_UnFSG_2023-03-14-13.00-1-331.jpg,0.00114874,0.00026886,0.9920175,4.92E-05,0.006245997,0.000269814
MH_UnFSG_2023-03-14-13.00-1-343.jpg,3.82E-10,1.91E-08,2.35E-07,0.9999982,1.56E-06,1.33E-08
DEL_SEV_2023-02-07-14.00-1-63.jpg,1.98E-07,2.39E-07,0.9999993,2.52E-07,2.85E-08,2.35E-10
DEL_SEV_2023-02-07-14.00-1-72.jpg,9.11E-09,1.83E-12,0.9999633,3.58E-07,3.62E-05,2.30E-07
DEL_SEV_2023-02-07-14.00-1-74.jpg,0.000187077,0.000177148,0.9950122,0.004412233,0.000196235,1.51E-05
DEL_SEV_2023-02-07-14.00-1-77.jpg,0.9999298,4.06E-05,2.85E-05,4.98E-08,2.25E-07,8.55E-07
DEL_SEV_2023-02-07-14.00-1-78.jpg,0.000648701,0.000935177,0.097367175,0.00681808,0.811853,0.082377985
DEL_SEV_2023-02-07-14.00-1-82.jpg,6.04E-08,0.9999999,6.01E-14,2.66E-18,1.05E-22,3.64E-24
DEL_SEV_2023-02-07-14.00-1-84.jpg,0.23841663,0.74918914,0.012283988,4.37E-05,2.91E-05,3.75E-05
DEL_SEV_2023-02-07-14.00-1-87.jpg,1.28E-11,5.26E-10,1.28E-07,0.9999999,3.34E-08,8.20E-11
DEL_SEV_2023-02-07-14.00-1-89.jpg,1.24E-11,1.95E-07,8.20E-08,4.84E-07,0.99999905,2.00E-07
DEL_SEV_2023-02-07-14.00-1-92.jpg,1.85E-14,1.41E-13,1,4.96E-11,1.45E-15,3.78E-20
DEL_SEV_2023-02-07-14.00-1-94.jpg,5.10E-16,2.43E-17,9.92E-13,4.98E-09,3.13E-07,0.99999964
DEL_SEV_2023-02-07-14.00-2-14.jpg,1.24E-09,8.86E-11,1,1.03E-10,2.60E-11,4.22E-14
DEL_SEV_2023-02-07-14.00-2-15.jpg,2.34E-05,0.99996436,1.03E-05,1.43E-06,4.41E-07,1.71E-09
DEL_SEV_2023-02-07-14.00-2-17.jpg,0.000174647,3.79E-05,0.89540136,0.006056283,0.09432769,0.004002049
DEL_SEV_2023-02-07-14.00-2-19.jpg,0.000615818,4.20E-05,0.005950773,0.01983156,0.07466431,0.8988956
DEL_SEV_2023-02-07-14.00-2-23.jpg,1,1.94E-09,3.96E-09,5.11E-17,8.46E-13,8.47E-10
DEL_SEV_2023-02-07-14.00-2-28.jpg,0.99804926,0.001939544,8.01E-06,2.09E-10,3.24E-08,3.15E-06
DEL_SEV_2023-02-07-14.00-2-29.jpg,7.20E-30,7.36E-33,1.02E-24,1.49E-26,3.03E-16,1
DEL_SEV_2023-02-07-14.00-2-34.jpg,6.73E-05,0.9999324,1.91E-07,1.62E-10,1.17E-12,9.97E-15
DEL_SEV_2023-02-07-14.00-2-37.jpg,0.035772856,0.79419196,0.1697656,6.65E-05,0.000195258,7.86E-06
DEL_SEV_2023-02-07-14.00-2-44.jpg,5.75E-30,2.71E-30,3.50E-28,4.03E-25,8.22E-16,1
DEL_UnH_2023-02-15-11.30-1.jpg,2.68E-20,1.36E-16,1,8.08E-20,6.64E-17,4.00E-23
DEL_UnH_2023-02-15-11.30-1-10.jpg,5.96E-09,3.48E-08,3.01E-07,0.9999981,1.55E-06,2.28E-08
DEL_UnH_2023-02-15-11.30-1-12.jpg,1.43E-12,3.51E-09,1.21E-10,9.31E-08,0.9999999,3.16E-08
DEL_UnH_2023-02-15-11.30-1-22.jpg,5.33E-08,4.52E-05,0.003037621,1.78E-06,0.99496764,0.001947717
DEL_UnH_2023-02-15-11.30-1-28.jpg,0.02595908,2.07E-05,0.96877193,0.003471508,0.001563632,0.000213164
DEL_UnH_2023-02-15-11.30-1-29.jpg,1.10E-11,1.96E-09,2.17E-08,0.99999976,2.37E-07,4.56E-10
DEL_UnH_2023-02-15-11.30-1-30.jpg,4.39E-11,1,2.95E-17,6.94E-23,5.22E-27,1.54E-30
DEL_UnH_2023-02-15-11.30-1-34.jpg,0.028038798,0.9714247,0.000536451,1.30E-08,4.21E-09,4.07E-09
DEL_UnH_2023-02-15-11.30-1-39.jpg,0.004659919,0.9895828,0.00575699,9.97E-08,2.24E-07,4.36E-08
DEL_UnH_2023-02-15-11.30-1-41.jpg,6.06E-11,2.18E-09,2.52E-08,0.9999999,6.54E-08,5.94E-10
DEL_UnH_2023-02-15-11.30-1-42.jpg,0.007906346,0.001785224,0.57254326,0.041461505,0.32698512,0.04931847
DEL_UnH_2023-02-15-11.30-1-43.jpg,0.2908089,0.000555467,0.67601013,0.02055197,0.008934519,0.003139052
DEL_UnH_2023-02-15-11.30-1-46.jpg,3.24E-15,4.25E-12,1.03E-10,1,4.88E-09,5.92E-13
DEL_UnH_2023-02-15-11.30-1-51.jpg,1.92E-11,4.69E-15,0.9999999,1.31E-08,1.70E-07,2.29E-10
DEL_UnH_2023-02-15-11.30-1-54.jpg,6.20E-11,7.19E-09,1.03E-08,2.89E-05,0.99997103,6.06E-08
DEL_UnH_2023-02-15-11.30-1-56.jpg,4.25E-11,4.06E-09,6.28E-08,0.9999994,4.93E-07,1.47E-09
DEL_UnH_2023-02-15-11.30-1-64.jpg,1,1.21E-11,1.92E-14,4.59E-22,1.26E-15,2.57E-09
DEL_UnH_2023-02-15-11.30-1-68.jpg,6.41E-36,2.03E-36,4.23E-30,2.56E-30,1.25E-16,1
DEL_UnH_2023-02-15-11.30-2-14.jpg,1.60E-10,8.13E-09,1.81E-07,0.9999988,9.60E-07,4.43E-09
DEL_UnH_2023-02-15-11.30-2-22.jpg,0,0,0,0,0,1
DEL_UnH_2023-02-15-11.30-2-36.jpg,9.71E-12,1.84E-09,1.97E-08,0.99999976,2.21E-07,4.09E-10
DEL_UnH_2023-02-15-11.30-2-49.jpg,8.94E-05,7.00E-06,0.007281269,0.008418119,0.052096836,0.93210745
DEL_UnH_2023-02-15-11.30-2-51.jpg,5.91E-05,2.97E-06,0.9805847,0.007423239,0.011333915,0.000596011
DEL_UnH_2023-02-15-11.30-2-6.jpg,1.83E-11,5.19E-09,3.24E-08,0.99999976,2.17E-07,4.57E-10
DEL_UnH_2023-02-15-11.30-2-9.jpg,0.003125557,0.7857725,0.21097828,3.38E-05,8.09E-05,9.02E-06
DEL_VUnH_2023-02-16-14.00-1-11.jpg,1.39E-12,3.59E-09,2.37E-09,1.03E-05,0.99998975,2.78E-09
DEL_VUnH_2023-02-16-14.00-1-5.jpg,8.38E-07,1.05E-06,0.000414708,0.9994862,9.52E-05,1.96E-06
DEL_VUnH_2023-02-16-14.00-1-9.jpg,3.14E-20,2.12E-22,9.81E-16,1.85E-13,1.16E-09,1
DEL_VUnH_2023-02-16-14.00-2-10.jpg,3.59E-07,0.000181557,0.000218671,0.000298858,0.99882096,0.000479625
DEL_VUnH_2023-02-16-14.00-2-15.jpg,4.92E-12,3.37E-09,1.59E-08,0.9999999,1.34E-07,1.40E-10
DEL_VUnH_2023-02-16-14.00-2-3.jpg,1.22E-06,0.9999987,7.93E-08,6.80E-08,1.09E-08,9.64E-12
DEL_VUnH_2023-02-16-14.00-2-31.jpg,6.24E-11,5.00E-09,8.56E-08,0.9999993,6.03E-07,2.02E-09
DEL_VUnH_2023-02-16-14.00-2-36.jpg,0.99999607,3.86E-06,7.28E-08,6.81E-12,1.41E-10,2.52E-09
DEL_VUnH_2023-02-16-14.00-2-37.jpg,0.000256535,0.9994092,0.000216025,0.000103342,1.47E-05,1.68E-07
DEL_VUnH_2023-02-16-14.00-2-38.jpg,1.08E-05,5.05E-05,0.9998411,9.24E-05,5.13E-06,1.10E-07
DEL_VUnH_2023-02-16-14.00-2-4.jpg,0.001079283,0.000137344,0.007267809,0.024690362,0.07185894,0.89496624
DEL_VUnH_2023-02-16-14.00-3-10.jpg,1.34E-11,6.92E-08,1.73E-07,1.66E-07,0.9999995,1.01E-07
DEL_VUnH_2023-02-16-14.00-3-20.jpg,1.48E-15,1.69E-10,5.63E-11,1.33E-07,0.9999999,1.21E-10
DEL_VUnH_2023-02-16-14.00-3-24.jpg,1,4.98E-10,4.85E-11,3.22E-15,2.81E-14,1.02E-12
DEL_VUnH_2023-02-16-14.00-3-27.jpg,3.50E-14,2.40E-10,2.03E-10,3.26E-09,1,4.91E-10
DEL_VUnH_2023-02-16-14.00-3-31.jpg,4.88E-14,2.68E-11,7.82E-10,1,1.34E-08,4.03E-12
DEL_VUnH_2023-02-16-14.00-3-33.jpg,9.99E-07,0.000270142,0.000491514,0.000107981,0.9938432,0.005286142
DEL_VUnH_2023-02-16-14.00-3-34.jpg,1.83E-06,1.26E-08,0.9999981,2.86E-08,8.84E-08,5.75E-10
DEL_VUnH_2023-02-16-14.00-3-38.jpg,6.52E-06,0.99999344,2.11E-09,6.60E-12,1.01E-13,8.82E-16
DEL_VUnH_2023-02-16-14.00-3-47.jpg,2.90E-06,5.75E-06,0.000331792,0.9994955,0.000159184,4.75E-06
DEL_VUnH_2023-02-16-14.00-3-50.jpg,5.39E-16,3.12E-17,7.00E-13,5.85E-09,2.42E-07,0.99999976
DEL_VUnH_2023-02-16-14.00-3-59.jpg,0.022949344,0.00051502,0.9741135,0.001319983,0.000901099,0.00020103
DEL_VUnH_2023-02-16-14.00-3-61.jpg,7.84E-15,1.71E-16,4.24E-11,9.76E-10,7.84E-07,0.99999917
DEL_VUnH_2023-02-16-14.00-3-9.jpg,0.99857163,0.001427153,5.67E-07,1.34E-11,2.11E-09,5.35E-07
DEL_VUnH_2023-02-16-14.30-1-1.jpg,9.96E-06,0.99999,5.59E-09,5.26E-12,2.03E-13,3.59E-14
DEL_VUnH_2023-02-16-14.30-1-102.jpg,0.000370073,0.99962986,2.96E-09,8.91E-11,1.14E-12,3.90E-12
DEL_VUnH_2023-02-16-14.30-1-109.jpg,1.50E-05,5.46E-05,0.002049131,0.00078053,0.9968244,0.000276308
DEL_VUnH_2023-02-16-14.30-1-110.jpg,0.000115148,2.80E-07,0.9987111,0.001151503,2.10E-05,9.16E-07
DEL_VUnH_2023-02-16-14.30-1-112.jpg,2.24E-07,6.17E-09,4.89E-05,0.00479683,0.005587442,0.98956656
DEL_VUnH_2023-02-16-14.30-1-114.jpg,0.9999989,9.30E-07,4.52E-09,1.94E-15,6.31E-11,9.30E-08
DEL_VUnH_2023-02-16-14.30-1-116.jpg,1.36E-10,3.50E-09,3.06E-07,0.9999994,1.96E-07,1.04E-09
DEL_VUnH_2023-02-16-14.30-1-121.jpg,2.68E-07,2.00E-06,2.24E-05,0.9992987,0.000658563,1.81E-05
DEL_VUnH_2023-02-16-14.30-1-131.jpg,0.26278183,0.71463937,0.018910127,0.001215893,0.000819099,0.001633687
DEL_VUnH_2023-02-16-14.30-1-134.jpg,3.04E-07,1.69E-07,0.9999974,9.33E-09,2.20E-06,8.42E-09
DEL_VUnH_2023-02-16-14.30-1-139.jpg,3.11E-29,5.37E-20,2.88E-21,5.39E-17,1,2.45E-19
DEL_VUnH_2023-02-16-14.30-1-140.jpg,0.001380996,1.38E-05,0.9983303,6.54E-06,0.000250716,1.77E-05
DEL_VUnH_2023-02-16-14.30-1-141.jpg,0.00099203,1.13E-06,0.987778,0.002950927,0.007712881,0.000565154
DEL_VUnH_2023-02-16-14.30-1-148.jpg,4.59E-19,1.02E-15,1,2.46E-18,4.42E-16,6.43E-22
DEL_VUnH_2023-02-16-14.30-1-155.jpg,0.000120742,1.05E-05,0.0110834,0.008290718,0.06838682,0.9121079
DEL_VUnH_2023-02-16-14.30-1-159.jpg,8.68E-30,1.02E-19,2.56E-21,4.39E-18,1,1.13E-19
DEL_VUnH_2023-02-16-14.30-1-164.jpg,1.45E-05,8.22E-05,0.001410936,0.00562204,0.9923051,0.000565217
DEL_VUnH_2023-02-16-14.30-1-165.jpg,0.0762609,0.002133644,0.117399104,0.62893313,0.113363095,0.061910138
DEL_VUnH_2023-02-16-14.30-1-167.jpg,1.08E-05,6.99E-08,0.99553853,0.001160249,0.003231954,5.84E-05
DEL_VUnH_2023-02-16-14.30-1-168.jpg,1.15E-14,9.20E-15,1,4.59E-13,7.22E-17,4.60E-21
DEL_VUnH_2023-02-16-14.30-1-171.jpg,7.42E-10,2.08E-07,4.85E-07,0.99999714,2.09E-06,5.04E-09
DEL_VUnH_2023-02-16-14.30-1-173.jpg,6.41E-15,5.02E-12,3.40E-11,1,7.71E-10,3.40E-13
DEL_VUnH_2023-02-16-14.30-1-174.jpg,1.46E-09,1,1.02E-11,6.79E-14,1.64E-17,8.30E-20
DEL_VUnH_2023-02-16-14.30-1-178.jpg,2.05E-10,2.04E-07,2.07E-07,0.99999833,1.20E-06,1.50E-09
DEL_VUnH_2023-02-16-14.30-1-180.jpg,1.69E-05,4.73E-05,0.005251029,0.004622092,0.9890816,0.000981139
DEL_VUnH_2023-02-16-14.30-1-183.jpg,1.39E-17,1.88E-12,2.91E-12,1,3.88E-09,1.21E-14
DEL_VUnH_2023-02-16-14.30-1-185.jpg,3.85E-08,1.00E-09,1.01E-05,0.000715281,0.002157388,0.99711716
DEL_VUnH_2023-02-16-14.30-1-197.jpg,2.72E-05,0.9999174,4.62E-05,8.49E-06,7.38E-07,1.91E-09
DEL_VUnH_2023-02-16-14.30-1-198.jpg,0.00130911,0.009382139,0.98790413,0.000124396,0.000864083,0.000416195
DEL_VUnH_2023-02-16-14.30-1-200.jpg,2.82E-17,1.18E-12,2.89E-12,1,6.23E-10,7.77E-15
DEL_VUnH_2023-02-16-14.30-1-201.jpg,1.14E-11,2.44E-08,2.15E-08,3.75E-05,0.99996245,4.89E-08
DEL_VUnH_2023-02-16-14.30-1-204.jpg,2.07E-05,1.20E-07,0.99341595,0.001447859,0.005024665,9.07E-05
DEL_VUnH_2023-02-16-14.30-1-205.jpg,8.06E-07,1.21E-05,8.54E-05,0.99984956,5.13E-05,8.68E-07
DEL_VUnH_2023-02-16-14.30-1-210.jpg,0.003082349,0.000134307,0.96784335,0.026173202,0.002480931,0.000285767
DEL_VUnH_2023-02-16-14.30-1-224.jpg,1.12E-12,1.90E-07,5.00E-09,0.99999964,7.31E-08,6.14E-12
DEL_VUnH_2023-02-16-14.30-1-228.jpg,0.001189224,0.99880946,1.29E-06,2.17E-08,1.26E-09,1.31E-09
DEL_VUnH_2023-02-16-14.30-1-232.jpg,0.034586813,0.75321823,0.21112235,0.000385891,0.000578483,0.000108219
DEL_VUnH_2023-02-16-14.30-1-235.jpg,0.14664774,0.003213581,0.80258334,0.005231192,0.034943685,0.007380562
DEL_VUnH_2023-02-16-14.30-1-236.jpg,0.01179002,0.95393354,0.03414449,2.38E-05,7.88E-05,2.94E-05
DEL_VUnH_2023-02-16-14.30-1-243.jpg,1.96E-06,1.28E-07,0.99999785,8.37E-12,1.34E-08,5.83E-12
DEL_VUnH_2023-02-16-14.30-1-244.jpg,5.28E-23,3.49E-15,3.74E-17,3.04E-11,1,3.74E-15
DEL_VUnH_2023-02-16-14.30-1-264.jpg,1,4.10E-08,3.01E-09,1.23E-12,1.11E-11,1.67E-10
DEL_VUnH_2023-02-16-14.30-1-266.jpg,7.12E-08,6.27E-07,0.99999917,1.04E-07,1.51E-08,5.53E-11
DEL_VUnH_2023-02-16-14.30-1-275.jpg,1.95E-08,5.13E-06,3.47E-06,0.000733859,0.999252,5.51E-06
DEL_VUnH_2023-02-16-14.30-1-278.jpg,1.56E-10,8.08E-12,4.44E-08,1.38E-06,8.71E-05,0.9999114
DEL_VUnH_2023-02-16-14.30-1-280.jpg,2.82E-21,2.43E-23,2.77E-18,6.22E-17,2.96E-11,1
DEL_VUnH_2023-02-16-14.30-1-282.jpg,8.01E-06,8.19E-06,0.003070459,0.99579996,0.001077639,3.58E-05
DEL_VUnH_2023-02-16-14.30-1-55.jpg,8.03E-11,2.95E-11,1,3.68E-15,4.18E-09,1.76E-13
DEL_VUnH_2023-02-16-14.30-1-60.jpg,0.000828579,0.001339582,0.12870535,0.008103575,0.79459816,0.066424765
DEL_VUnH_2023-02-16-14.30-1-71.jpg,6.17E-07,0.000174137,0.000459419,0.9992555,0.000109837,4.55E-07
DEL_VUnH_2023-02-16-14.30-1-81.jpg,7.63E-15,1.26E-15,3.63E-12,4.62E-09,7.71E-07,0.9999993
DEL_VUnH_2023-02-16-14.30-1-84.jpg,1.03E-13,7.33E-09,6.70E-10,1,6.24E-09,9.48E-13
DEL_VUnH_2023-02-16-14.30-1-85.jpg,5.41E-10,1.45E-06,2.90E-07,4.65E-05,0.99995077,9.16E-07
DEL_VUnH_2023-02-16-14.30-1-93.jpg,1.87E-13,3.07E-13,1,1.56E-12,4.04E-15,2.35E-19
DEL_VUnH_2023-02-16-14.30-1-96.jpg,1.80E-09,2.26E-08,9.88E-07,0.9999968,2.21E-06,2.43E-08
DEL_VUnH_2023-02-16-14.30-1-97.jpg,1.54E-13,5.28E-09,1.21E-09,6.10E-08,0.9999999,8.62E-09
DEL_VUnH_2023-02-16-17.00-1-100.jpg,0.047456983,0.00409832,0.21118708,0.3726733,0.24878381,0.11580044
DEL_VUnH_2023-02-16-17.00-1-103.jpg,2.27E-15,8.21E-11,5.02E-12,6.24E-08,0.9999999,2.70E-11
DEL_VUnH_2023-02-16-17.00-1-108.jpg,1.72E-10,1.05E-08,2.17E-07,0.9999989,8.38E-07,3.16E-09
DEL_VUnH_2023-02-16-17.00-1-111.jpg,6.73E-07,1.27E-08,0.9989641,0.000340337,0.000683199,1.17E-05
DEL_VUnH_2023-02-16-17.00-1-116.jpg,7.81E-10,1.12E-08,5.75E-07,0.99999833,1.04E-06,9.38E-09
DEL_VUnH_2023-02-16-17.00-1-119.jpg,0.000121386,0.99931014,0.000297096,0.000248968,2.23E-05,1.47E-07
DEL_VUnH_2023-02-16-17.00-1-12.jpg,2.49E-09,3.39E-08,6.74E-07,0.9999945,4.69E-06,5.47E-08
DEL_VUnH_2023-02-16-17.00-1-123.jpg,3.15E-07,9.64E-06,0.000353352,0.9995881,4.84E-05,2.84E-07
DEL_VUnH_2023-02-16-17.00-1-124.jpg,0.000225797,0.99969244,8.04E-05,1.17E-06,9.11E-08,6.69E-10
DEL_VUnH_2023-02-16-17.00-1-135.jpg,9.82E-06,0.9992053,0.00078496,8.78E-13,1.21E-11,8.36E-14
DEL_VUnH_2023-02-16-17.00-1-15.jpg,6.23E-14,3.29E-12,1,4.72E-10,4.96E-14,9.58E-19
DEL_VUnH_2023-02-16-17.00-1-152.jpg,1.58E-27,2.19E-29,3.21E-25,3.93E-27,3.39E-15,1
DEL_VUnH_2023-02-16-17.00-1-153.jpg,2.19E-06,0.9999976,1.11E-07,8.95E-08,2.58E-08,1.78E-11
DEL_VUnH_2023-02-16-17.00-1-157.jpg,3.35E-10,7.64E-07,3.26E-07,0.99999654,2.42E-06,2.50E-09
DEL_VUnH_2023-02-16-17.00-1-20.jpg,0.001741006,0.9910343,0.007224523,2.60E-08,7.91E-08,5.78E-09
DEL_VUnH_2023-02-16-17.00-1-26.jpg,5.47E-09,3.78E-08,1.08E-06,0.9999964,2.42E-06,3.29E-08
DEL_VUnH_2023-02-16-17.00-1-28.jpg,1.12E-07,4.03E-08,0.99999976,1.15E-07,1.44E-08,9.15E-11
DEL_VUnH_2023-02-16-17.00-1-29.jpg,1.63E-05,9.24E-05,0.0910627,0.9051229,0.003631983,7.38E-05
DEL_VUnH_2023-02-16-17.00-1-35.jpg,1.80E-09,2.26E-08,9.88E-07,0.9999968,2.21E-06,2.43E-08
DEL_VUnH_2023-02-16-17.00-1-49.jpg,2.35E-17,1.50E-12,4.16E-12,1,4.45E-09,2.03E-14
DEL_VUnH_2023-02-16-17.00-1-50.jpg,3.86E-19,2.15E-11,5.39E-13,4.18E-11,1,4.06E-11
DEL_VUnH_2023-02-16-17.00-1-52.jpg,0,0,0,0,6.46E-31,1
DEL_VUnH_2023-02-16-17.00-1-62.jpg,1.73E-12,9.35E-10,1.06E-08,0.99999964,3.15E-07,7.56E-11
DEL_VUnH_2023-02-16-17.00-1-69.jpg,1.52E-10,1.15E-09,1.93E-08,1,2.24E-08,1.53E-10
DEL_VUnH_2023-02-16-17.00-1-71.jpg,1.55E-22,1.49E-15,2.78E-16,3.47E-13,1,5.56E-15
DEL_VUnH_2023-02-16-17.00-1-83.jpg,1.80E-09,2.26E-08,9.88E-07,0.9999968,2.21E-06,2.43E-08
DEL_VUnH_2023-02-16-17.00-1-88.jpg,1.10E-25,6.90E-26,2.20E-23,1.31E-19,1.52E-13,1
DEL_VUnH_2023-02-16-17.00-2-104.jpg,3.10E-08,2.58E-05,6.55E-06,0.000301042,0.9996455,2.10E-05
DEL_VUnH_2023-02-16-17.00-2-105.jpg,3.43E-13,7.64E-11,4.02E-09,1,3.73E-08,2.04E-11
DEL_VUnH_2023-02-16-17.00-2-108.jpg,5.36E-16,9.49E-13,6.30E-12,1,1.53E-10,3.62E-14
DEL_VUnH_2023-02-16-17.00-2-109.jpg,0.000853346,0.004760773,0.052628707,0.009868666,0.9048724,0.02701611
DEL_VUnH_2023-02-16-17.00-2-11.jpg,8.87E-24,9.71E-24,4.28E-21,1.97E-19,2.62E-11,1
DEL_VUnH_2023-02-16-17.00-2-13.jpg,3.81E-12,7.34E-10,1.28E-08,1,5.68E-08,1.10E-10
DEL_VUnH_2023-02-16-17.00-2-22.jpg,1.22E-06,1.63E-09,0.9991731,6.72E-05,0.000748622,9.89E-06
DEL_VUnH_2023-02-16-17.00-2-23.jpg,7.67E-09,1,9.25E-16,3.49E-21,1.35E-25,3.53E-27
DEL_VUnH_2023-02-16-17.00-2-41.jpg,0.000155961,1.11E-07,0.9993443,0.000483244,1.58E-05,6.84E-07
DEL_VUnH_2023-02-16-17.00-2-42.jpg,9.82E-09,5.44E-08,1.54E-06,0.99999523,3.11E-06,4.60E-08
DEL_VUnH_2023-02-16-17.00-2-44.jpg,0.019828916,0.97953403,0.000637056,1.18E-08,4.46E-09,3.23E-09
DEL_VUnH_2023-02-16-17.00-2-45.jpg,8.45E-06,1.25E-05,0.91986895,0.07999211,0.000116352,1.60E-06
DEL_VUnH_2023-02-16-17.00-2-52.jpg,0.9919511,0.000785401,0.003891513,1.71E-05,0.000457643,0.002897387
DEL_VUnH_2023-02-16-17.00-2-55.jpg,1.20E-06,0.999997,1.76E-06,6.38E-08,1.83E-08,1.12E-11
DEL_VUnH_2023-02-16-17.00-2-59.jpg,0,0,1,0,0,0
DEL_VUnH_2023-02-16-17.00-2-60.jpg,4.77E-08,6.06E-11,1.07E-09,2.88E-11,2.85E-06,0.99999714
DEL_VUnH_2023-02-16-17.00-2-74.jpg,0.99999,3.38E-06,6.61E-06,8.86E-10,2.67E-08,1.33E-07
DEL_VUnH_2023-02-16-17.00-2-78.jpg,0.9997547,0.000115092,0.000104845,8.91E-07,5.80E-06,1.86E-05
DEL_VUnH_2023-02-16-17.00-2-87.jpg,1.12E-14,1.60E-09,1.08E-10,2.33E-07,0.99999976,4.03E-10
DEL_VUnH_2023-02-16-17.00-2-89.jpg,9.03E-05,0.9963159,0.003593828,1.57E-10,1.24E-09,1.85E-11
DEL_VUnH_2023-02-16-17.00-2-90.jpg,1.54E-32,8.27E-22,4.26E-22,1.38E-20,1,2.17E-21
DEL_VUnH_2023-02-16-17.00-2-91.jpg,0.000413476,0.9955017,0.001356287,0.002556362,0.000170216,1.95E-06
DEL_VUnH_2023-02-16-17.00-2-95.jpg,4.25E-06,0.00010743,0.000136113,0.004191817,0.99533445,0.000225918
DEL_VUnH_2023-02-16-17.00-2-97.jpg,0.8840927,0.11541299,0.000313842,4.39E-06,6.02E-06,0.000170113
DEL_SEV_2023-02-16-18.00-1-16.jpg,1.83E-05,7.62E-08,0.9957402,3.38E-05,0.003973773,0.000233968
DEL_SEV_2023-02-16-18.00-1-7.jpg,5.33E-10,9.84E-08,0.000424376,9.87E-09,0.9960555,0.003520044
DEL_SEV_2023-02-16-18.00-1-8.jpg,0.99669814,0.003294002,6.17E-06,1.51E-10,1.35E-08,1.59E-06
DEL_SEV_2023-02-16-18.00-2-100.jpg,2.64E-08,2.04E-06,2.60E-06,0.002542308,0.9974527,3.67E-07
DEL_SEV_2023-02-16-18.00-2-102.jpg,0,0,1.60E-38,4.31E-33,7.05E-23,1
DEL_SEV_2023-02-16-18.00-2-105.jpg,8.38E-15,6.73E-12,2.15E-10,1,5.62E-10,2.41E-13
DEL_SEV_2023-02-16-18.00-2-109.jpg,3.77E-16,4.95E-10,7.17E-10,8.59E-10,1,3.44E-11
DEL_SEV_2023-02-16-18.00-2-111.jpg,8.74E-15,7.53E-11,8.73E-11,2.27E-09,1,1.46E-10
DEL_SEV_2023-02-16-18.00-2-113.jpg,9.98E-07,0.99999905,5.33E-12,2.43E-16,8.38E-19,1.27E-19
DEL_SEV_2023-02-16-18.00-2-14.jpg,0.002911395,0.99706835,2.03E-05,2.57E-12,6.26E-13,4.51E-13
DEL_SEV_2023-02-16-18.00-2-30.jpg,2.63E-28,5.36E-19,1.07E-20,2.75E-17,1,1.57E-18
DEL_SEV_2023-02-16-18.00-2-31.jpg,1.66E-09,1,2.15E-15,2.46E-22,1.22E-24,1.25E-25
DEL_SEV_2023-02-16-18.00-2-32.jpg,0.026670273,0.972297,0.001032687,5.06E-08,1.90E-08,1.64E-08
DEL_SEV_2023-02-16-18.00-2-36.jpg,0.13080275,0.000104015,0.000180804,0.86888087,2.36E-05,7.89E-06
DEL_SEV_2023-02-16-18.00-2-4.jpg,5.82E-22,4.37E-23,3.32E-18,1.02E-16,8.68E-11,1
DEL_SEV_2023-02-16-18.00-2-47.jpg,0.009305648,0.002973383,0.985126,0.000169904,0.001916197,0.000508838
DEL_SEV_2023-02-16-18.00-2-49.jpg,1.80E-09,2.26E-08,9.88E-07,0.9999968,2.21E-06,2.43E-08
DEL_SEV_2023-02-16-18.00-2-52.jpg,0.008205484,0.99178714,7.30E-06,5.36E-09,5.78E-10,1.25E-09
DEL_SEV_2023-02-16-18.00-2-53.jpg,4.03E-09,4.13E-08,2.44E-06,0.9999926,4.91E-06,6.39E-08
DEL_SEV_2023-02-16-18.00-2-57.jpg,8.59E-10,1.27E-07,1.91E-07,0.000245787,0.9997538,1.57E-07
DEL_SEV_2023-02-16-18.00-2-6.jpg,1,5.55E-08,5.47E-09,2.03E-13,5.53E-11,3.46E-08
DEL_SEV_2023-02-16-18.00-2-61.jpg,4.55E-10,2.95E-08,4.38E-07,0.99999845,1.04E-06,4.17E-09
DEL_SEV_2023-02-16-18.00-2-62.jpg,3.06E-15,1.68E-12,2.20E-10,1,8.21E-11,2.22E-14
DEL_SEV_2023-02-16-18.00-2-69.jpg,1.56E-08,1.48E-09,1,1.18E-08,6.47E-10,3.09E-12
DEL_SEV_2023-02-16-18.00-2-70.jpg,2.62E-10,2.41E-10,1,5.34E-10,2.48E-11,3.26E-14
DEL_SEV_2023-02-16-18.00-2-82.jpg,7.00E-06,2.58E-05,0.032141034,0.000261971,0.9667095,0.000854686
DEL_SEV_2023-02-16-18.00-2-89.jpg,0.99999905,7.31E-07,8.64E-08,2.44E-11,1.71E-09,7.67E-08
DEL_SEV_2023-02-16-18.00-2-92.jpg,1.73E-07,5.95E-07,0.000215585,0.99977785,5.81E-06,8.05E-08
DEL_SEV_2023-02-16-18.00-2-94.jpg,0.029723661,0.96983933,0.00043702,8.98E-09,2.86E-09,3.10E-09
DEL_SEV_2023-02-16-18.00-2-96.jpg,4.54E-10,6.52E-07,1.48E-07,0.00013665,0.99986184,6.62E-07
DEL_SEV_2023-02-16-18.00-2-97.jpg,1,2.23E-10,1.49E-13,1.70E-21,1.77E-16,6.93E-12
DEL_SEV_2023-02-16-18.00-2-99.jpg,1.63E-16,2.12E-13,1.46E-12,1,1.01E-11,1.17E-15
DEL_SEV_2023-02-17-13.00-1-24.jpg,0.014802436,0.98519623,1.27E-06,4.40E-10,4.42E-11,2.22E-10
DEL_SEV_2023-02-17-13.00-1-3.jpg,1.06E-06,2.57E-05,0.00033898,0.9912503,0.008353216,3.09E-05
DEL_SEV_2023-02-17-13.00-1-36.jpg,5.36E-06,0.003632384,0.99636215,1.24E-08,6.10E-08,1.79E-08
DEL_SEV_2023-02-17-13.00-1-44.jpg,0.18235204,0.003083404,0.65657884,0.033184603,0.09299176,0.03180933
DEL_SEV_2023-02-17-13.00-1-45.jpg,0.38830617,0.000721023,0.6100608,4.05E-05,0.00077771,9.37E-05
DEL_SEV_2023-02-17-13.00-1-46.jpg,5.06E-11,3.43E-09,2.21E-07,2.25E-06,0.9999974,1.50E-07
DEL_SEV_2023-02-17-13.00-1-49.jpg,5.55E-25,2.93E-17,7.25E-19,1.44E-11,1,9.52E-17
DEL_SEV_2023-02-17-13.00-1-5.jpg,4.56E-29,3.53E-30,2.98E-26,2.66E-24,1.57E-14,1
DEL_SEV_2023-02-17-13.00-1-50.jpg,0.9985625,0.001435261,1.18E-06,1.23E-11,3.26E-09,1.05E-06
DEL_SEV_2023-02-17-13.00-1-58.jpg,0.058949124,0.004323904,0.25050062,0.1254431,0.26732394,0.29345933
DEL_SEV_2023-02-17-13.00-1-59.jpg,0.04141823,0.000705073,0.95536226,1.83E-05,0.002115391,0.000380661
DEL_SEV_2023-02-17-13.00-1-65.jpg,9.38E-20,5.57E-24,1,1.44E-16,1.35E-12,1.82E-14
DEL_SEV_2023-02-17-13.00-1-69.jpg,0,0,0,8.37E-37,4.91E-26,1
DEL_SEV_2023-02-17-13.00-1-76.jpg,1.80E-21,1.07E-12,6.20E-15,9.17E-11,1,9.96E-15
DEL_SEV_2023-02-17-13.00-1-79.jpg,1.97E-06,9.26E-06,0.99996984,1.81E-05,7.81E-07,1.23E-08
DEL_SEV_2023-02-17-13.00-1-81.jpg,1.15E-09,1.91E-08,4.54E-07,0.999998,1.52E-06,1.40E-08
DEL_SEV_2023-02-17-13.00-2-2.jpg,4.24E-30,3.17E-19,7.28E-21,2.28E-16,1,2.51E-18
DEL_SEV_2023-02-17-13.00-2-21.jpg,6.40E-08,6.85E-07,0.001028751,3.06E-05,0.9989121,2.77E-05
DEL_SEV_2023-02-17-13.00-2-23.jpg,1.21E-05,0.99998784,6.45E-10,3.14E-15,6.44E-16,1.23E-15
DEL_SEV_2023-02-17-13.00-2-36.jpg,0.020916998,0.97506535,0.004017027,2.72E-07,2.15E-07,9.24E-08
DEL_SEV_2023-02-17-13.00-2-38.jpg,9.72E-09,1.23E-07,9.04E-06,0.9999814,9.27E-06,1.40E-07
DEL_SEV_2023-02-17-13.00-2-4.jpg,9.82E-09,6.30E-06,4.68E-06,0.9999771,1.19E-05,3.56E-08
DEL_SEV_2023-02-17-13.00-2-40.jpg,1,4.94E-28,1.68E-37,0,0,1.23E-35
DEL_SEV_2023-02-17-13.00-2-48.jpg,7.13E-07,4.42E-05,7.60E-06,0.00048792,0.99945074,8.83E-06
DEL_SEV_2023-02-17-13.00-2-52.jpg,1.52E-07,3.07E-05,0.00459809,3.82E-06,0.9909649,0.004402399
DEL_SEV_2023-02-17-13.00-2-55.jpg,2.07E-19,3.12E-21,3.88E-16,3.71E-14,3.08E-09,1
DEL_SEV_2023-02-17-13.00-2-56.jpg,8.22E-10,8.06E-07,7.90E-07,0.9999926,5.69E-06,6.29E-09
DEL_SEV_2023-02-17-13.00-2-58.jpg,0.033970956,0.96473897,0.00128987,8.30E-08,3.21E-08,2.60E-08
DEL_SEV_2023-02-17-13.00-2-68.jpg,8.14E-06,1.13E-05,0.9999776,7.05E-07,2.25E-06,1.72E-08
DEL_SEV_2023-02-17-13.00-2-69.jpg,0.000478573,4.78E-05,0.9951971,1.77E-05,0.004143599,0.000115287
DEL_SEV_2023-02-17-13.00-3.jpg,5.30E-05,0.99994695,9.43E-10,1.98E-13,4.61E-16,1.02E-16
DEL_SEV_2023-02-20-14.00-1-106.jpg,9.95E-05,8.85E-05,0.042003937,0.95680285,0.000957847,4.74E-05
DEL_SEV_2023-02-20-14.00-1-146.jpg,5.63E-15,1.26E-10,1.57E-10,1.46E-08,1,5.21E-10
DEL_SEV_2023-02-20-14.00-1-181.jpg,1.33E-08,7.52E-11,0.99993825,7.52E-06,5.37E-05,5.54E-07
DEL_SEV_2023-02-20-14.00-1-196.jpg,1.50E-22,5.09E-16,1.21E-16,1,2.05E-14,2.13E-20
DEL_SEV_2023-02-20-14.00-1-201.jpg,0.040906157,0.9590907,3.15E-06,4.80E-09,4.48E-10,2.37E-09
DEL_SEV_2023-02-20-14.00-1-21.jpg,0.11840481,0.005583967,0.680862,0.0500352,0.11092433,0.03418969
DEL_SEV_2023-02-20-14.00-1-246.jpg,3.85E-16,4.08E-16,1,1.97E-18,2.18E-18,1.23E-23
DEL_SEV_2023-02-20-14.00-1-26.jpg,3.42E-14,2.79E-08,8.49E-10,3.81E-07,0.99999964,1.69E-09
DEL_SEV_2023-02-20-14.00-1-291.jpg,0.000204901,0.99933404,0.000423693,3.06E-05,6.72E-06,6.79E-08
DEL_SEV_2023-02-20-14.00-1-306.jpg,1.84E-25,7.37E-26,5.77E-22,1.84E-20,5.71E-12,1
DEL_SEV_2023-02-20-14.00-1-316.jpg,9.17E-08,0.9999999,1.36E-08,1.36E-10,1.54E-10,1.56E-14
DEL_SEV_2023-02-20-14.00-1-411.jpg,1.78E-09,1.89E-05,2.27E-06,4.01E-05,0.99993265,6.12E-06
DEL_SEV_2023-02-20-14.00-1-456.jpg,0.003708083,9.08E-06,0.9935901,0.000809939,0.001599127,0.000283721
DEL_SEV_2023-02-20-14.00-1-486.jpg,1.34E-19,4.69E-13,5.62E-15,2.70E-12,1,1.05E-11
DEL_SEV_2023-02-20-14.00-1-501.jpg,1.54E-05,6.50E-08,0.99503505,0.000815151,0.004063375,7.10E-05
DEL_SEV_2023-02-20-14.00-1-506.jpg,2.21E-06,0.99999774,1.35E-10,6.10E-13,6.83E-16,4.55E-17
DEL_SEV_2023-02-20-14.00-1-561.jpg,5.02E-24,3.63E-24,5.38E-21,6.72E-20,3.71E-11,1
DEL_SEV_2023-02-20-14.00-1-576.jpg,4.42E-05,4.29E-05,0.02698889,0.9660916,0.006631127,0.000201296
DEL_SEV_2023-02-20-14.00-1-581.jpg,3.22E-10,4.50E-09,1.21E-07,0.99999964,2.25E-07,1.50E-09
DEL_SEV_2023-02-20-14.00-1-591.jpg,3.18E-06,0.001972051,0.9980247,9.07E-09,5.32E-08,2.13E-08
DEL_SEV_2023-02-20-14.00-1-601.jpg,1,1.68E-24,1.66E-36,0,0,6.34E-33
DEL_SEV_2023-02-20-14.00-1-611.jpg,0.000750721,0.000110013,0.36179584,0.63512677,0.002091315,0.000125325
DEL_SEV_2023-02-20-14.00-1-621.jpg,1.35E-06,7.22E-08,0.000525526,0.005592687,0.014484448,0.979396
DEL_SEV_2023-02-20-14.00-1-646.jpg,2.81E-10,2.43E-11,1,3.12E-13,2.04E-10,2.96E-14
DEL_SEV_2023-02-20-14.00-1-66.jpg,4.36E-08,2.89E-07,1.32E-05,0.9999677,1.84E-05,2.65E-07
DEL_SEV_2023-02-20-14.00-1-701.jpg,7.44E-11,7.04E-11,3.46E-14,1.23E-09,2.79E-05,0.9999721
DEL_SEV_2023-02-20-14.00-1-716.jpg,5.19E-13,3.52E-11,8.43E-08,0.9999999,3.26E-10,9.17E-14
DEL_SEV_2023-02-20-14.00-1-726.jpg,0.4605583,0.5390314,0.000408771,2.46E-07,9.76E-08,1.23E-06
DEL_SEV_2023-02-20-14.00-2-141.jpg,4.43E-07,5.45E-06,0.000194674,0.000412496,0.9993305,5.64E-05
DEL_SEV_2023-02-20-14.00-2-181.jpg,5.73E-22,4.42E-33,1,5.12E-22,2.28E-18,1.20E-20
DEL_SEV_2023-02-20-14.00-2-201.jpg,0.002999511,0.001611637,0.41265458,0.12760636,0.42878258,0.026345383
DEL_SEV_2023-02-20-14.00-2-231.jpg,3.24E-19,6.87E-12,1.02E-14,1.39E-11,1,4.68E-12
DEL_SEV_2023-02-20-14.00-2-246.jpg,0.001887769,0.000264461,0.15710269,0.030177813,0.26958695,0.54098034
DEL_SEV_2023-02-20-14.00-2-26.jpg,0.003270624,2.30E-06,0.9821286,0.003773674,0.009944123,0.000880685
DEL_SEV_2023-02-20-14.00-2-261.jpg,9.08E-14,3.12E-11,1.87E-09,1,9.84E-09,5.74E-12
DEL_SEV_2023-02-20-14.00-2-316.jpg,1.55E-06,9.63E-05,0.00011254,0.001769561,0.9977519,0.000268215
DEL_SEV_2023-02-20-14.00-2-391.jpg,7.70E-12,1.81E-08,1.30E-08,8.23E-07,0.99999905,6.50E-08
DEL_SEV_2023-02-20-14.00-2-396.jpg,0.024161557,0.014251002,0.44139028,0.021243963,0.3529422,0.14601104
DEL_SEV_2023-02-20-14.00-2-41.jpg,0.019906914,0.9797187,0.000300945,2.51E-05,1.80E-05,3.04E-05
DEL_SEV_2023-02-20-14.00-2-426.jpg,5.48E-10,8.81E-09,5.64E-07,0.99999857,8.33E-07,6.07E-09
DEL_SEV_2023-02-20-14.00-2-436.jpg,2.43E-07,6.09E-05,2.51E-05,4.63E-05,0.9994904,0.000377104
DEL_SEV_2023-02-20-14.00-2-481.jpg,0.9999871,5.63E-06,6.33E-06,2.69E-07,2.53E-07,5.20E-07
DEL_SEV_2023-02-20-14.00-2-486.jpg,1.86E-18,6.13E-14,9.34E-13,1,3.11E-10,1.60E-15
DEL_SEV_2023-02-20-14.00-2-51.jpg,0.9999052,9.48E-05,5.76E-08,8.44E-15,1.58E-11,1.17E-08
DEL_SEV_2023-02-20-14.00-2-516.jpg,2.55E-06,1.69E-06,0.9999808,1.39E-05,8.92E-07,1.87E-08
DEL_SEV_2023-02-20-14.00-2-521.jpg,2.86E-05,3.39E-07,0.9934422,0.002787391,0.003597896,0.00014355
DEL_SEV_2023-02-20-14.00-2-561.jpg,3.02E-05,1.70E-05,0.9872513,0.009467557,0.00287526,0.000358751
DEL_SEV_2023-02-20-14.00-2-601.jpg,0.000130004,0.00015562,0.9918424,0.007683449,0.000176117,1.24E-05
DEL_SEV_2023-02-20-14.00-2-606.jpg,0.99991703,4.93E-05,6.08E-06,8.26E-12,1.48E-07,2.74E-05
DEL_SEV_2023-02-20-14.00-2-636.jpg,1.65E-05,9.71E-09,0.99744296,6.84E-05,0.002410866,6.13E-05
DEL_SEV_2023-02-20-14.00-2-96.jpg,4.53E-06,8.00E-07,0.9999168,7.49E-05,2.93E-06,8.13E-08
DEL_SEV_2023-02-20-14.00-3-116.jpg,3.13E-06,1.26E-08,0.998131,0.000390784,0.001451915,2.33E-05
DEL_SEV_2023-02-20-14.00-3-171.jpg,0.008192484,0.99178195,2.54E-05,1.07E-07,1.18E-08,1.41E-08
DEL_SEV_2023-02-20-14.00-3-206.jpg,0.000126887,0.99987304,4.61E-08,2.32E-10,6.60E-13,9.29E-14
DEL_SEV_2023-02-20-14.00-3-211.jpg,1.04E-07,0.9999999,4.80E-13,1.10E-16,2.15E-19,1.33E-20
DEL_SEV_2023-02-20-14.00-3-221.jpg,0.983216,0.001279041,0.009217523,7.03E-05,0.001230752,0.004986344
DEL_SEV_2023-02-20-14.00-3-291.jpg,0.9976961,0.002303235,6.54E-07,1.23E-12,9.03E-11,2.76E-08
DEL_SEV_2023-02-20-14.00-3-301.jpg,2.75E-05,2.59E-05,0.99939287,0.000530586,2.21E-05,1.02E-06
DEL_SEV_2023-02-20-14.00-3-331.jpg,0.99849916,0.001487547,1.19E-05,1.21E-10,1.96E-08,1.41E-06
DEL_SEV_2023-02-20-14.00-3-341.jpg,9.29E-08,1.29E-07,0.9999993,4.21E-07,2.23E-08,1.71E-10
DEL_SEV_2023-02-20-14.00-3-346.jpg,4.95E-20,3.17E-20,1,4.62E-26,7.61E-22,3.63E-29
DEL_SEV_2023-02-20-14.00-3-361.jpg,0.9979956,0.001857952,3.58E-05,1.07E-06,5.11E-06,0.000104427
DEL_SEV_2023-02-20-14.00-3-381.jpg,0.000416589,0.003338474,0.9962238,2.00E-06,1.71E-05,2.05E-06
DEL_SEV_2023-02-20-14.00-3-431.jpg,5.54E-06,8.83E-06,0.000462838,0.99944097,7.91E-05,2.58E-06
DEL_SEV_2023-02-20-14.00-3-71.jpg,0.002458324,0.001966836,0.25509834,0.031384945,0.6029726,0.10611891
DEL_SEV_2023-02-22-14.00-1-101.jpg,9.14E-17,3.41E-18,3.79E-12,1.51E-10,2.49E-07,0.99999976
DEL_SEV_2023-02-22-14.00-1-126.jpg,0.01731758,0.05361561,0.04685707,0.042686377,0.67977935,0.15974405
DEL_SEV_2023-02-22-14.00-1-136.jpg,3.71E-05,2.09E-05,0.9849208,0.01127172,0.00331907,0.000430358
DEL_SEV_2023-02-22-14.00-1-151.jpg,2.74E-13,4.40E-10,2.21E-09,1.41E-08,1,9.52E-09
DEL_SEV_2023-02-22-14.00-1-16.jpg,4.98E-12,1.35E-09,1.17E-08,0.9999999,1.53E-07,2.27E-10
DEL_SEV_2023-02-22-14.00-1-196.jpg,5.80E-13,2.51E-16,1,9.96E-09,3.08E-08,4.56E-11
DEL_SEV_2023-02-22-14.00-1-36.jpg,0.99990904,9.09E-05,4.87E-09,1.33E-14,1.24E-11,2.05E-08
DEL_SEV_2023-02-22-14.00-1-56.jpg,4.25E-19,1.45E-10,2.88E-14,2.19E-11,1,8.02E-13
DEL_SEV_2023-02-22-14.00-1-6.jpg,0.000200258,0.9997987,1.11E-06,6.03E-11,6.97E-12,6.88E-12
DEL_SEV_2023-02-22-14.00-2-101.jpg,0.99066305,0.002153757,0.005359937,0.000165628,0.000726536,0.000931011
DEL_SEV_2023-02-22-14.00-2-121.jpg,3.90E-17,3.64E-18,3.88E-15,9.76E-11,1.76E-08,1
DEL_SEV_2023-02-22-14.00-2-166.jpg,4.65E-12,5.39E-10,1.64E-08,0.9999999,1.07E-07,1.83E-10
DEL_SEV_2023-02-22-14.00-2-176.jpg,6.05E-09,3.19E-08,5.81E-07,0.9999982,1.20E-06,1.69E-08
DEL_SEV_2023-02-22-14.00-2-181.jpg,0,0,1,0,0,0
DEL_SEV_2023-02-22-14.00-2-211.jpg,1.78E-05,0.000113147,0.002293037,0.004935719,0.9920266,0.000613623
DEL_SEV_2023-02-22-14.00-2-226.jpg,0.99999666,3.27E-06,8.97E-10,4.83E-16,5.34E-12,1.14E-07
DEL_SEV_2023-02-22-14.00-2-261.jpg,1,3.87E-11,1.11E-13,1.31E-21,8.81E-17,7.52E-12
DEL_SEV_2023-02-22-14.00-2-271.jpg,1.54E-06,1.31E-08,0.99994135,4.41E-05,1.28E-05,2.13E-07
DEL_SEV_2023-02-22-14.00-2-316.jpg,1,7.72E-10,2.02E-10,4.13E-16,4.41E-12,1.99E-08
DEL_SEV_2023-02-22-14.00-2-341.jpg,0.99999475,7.03E-07,4.40E-06,6.03E-09,2.98E-08,8.82E-08
DEL_SEV_2023-02-22-14.00-2-346.jpg,3.46E-37,1.03E-33,1,0,0,0
DEL_SEV_2023-02-22-14.00-2-36.jpg,2.49E-08,3.11E-07,1.98E-05,0.999863,0.000113505,3.36E-06
DEL_SEV_2023-02-22-14.00-2-361.jpg,1.04E-16,2.70E-13,1.99E-12,1,1.18E-10,1.32E-14
DEL_SEV_2023-02-22-14.00-2-381.jpg,6.76E-06,4.49E-05,0.004531228,0.001121195,0.99391186,0.000384151
DEL_SEV_2023-02-22-14.00-2-391.jpg,7.55E-16,5.07E-11,1.03E-10,7.75E-10,1,6.57E-11
DEL_SEV_2023-02-22-14.00-2-41.jpg,1,8.06E-10,1.29E-09,1.59E-16,2.50E-12,1.72E-08
DEL_SEV_2023-02-22-14.00-2-446.jpg,8.37E-26,5.90E-27,1,1.53E-25,1.48E-31,0
DEL_SEV_2023-02-22-14.00-2-456.jpg,0.000352505,0.99964666,7.73E-07,4.23E-08,4.22E-10,1.03E-10
DEL_SEV_2023-02-22-14.00-2-46.jpg,1,1.37E-09,3.03E-14,1.29E-22,6.29E-18,3.34E-14
DEL_SEV_2023-02-22-14.00-2-486.jpg,1.63E-06,6.97E-09,0.9987072,0.000296176,0.000979885,1.51E-05
DEL_SEV_2023-02-22-14.00-2-521.jpg,5.07E-09,2.49E-12,0.99999726,1.72E-07,2.62E-06,1.51E-08
DEL_SEV_2023-02-22-14.00-2-531.jpg,7.05E-08,3.97E-11,0.99985516,4.91E-06,0.000138637,1.23E-06
DEL_SEV_2023-02-22-14.00-2-551.jpg,0.002820986,0.000597652,0.08229874,0.04697666,0.40271363,0.4645924
DEL_SEV_2023-02-22-14.00-2-556.jpg,0.000115459,2.00E-05,0.00165995,0.99799097,0.000201307,1.24E-05
DEL_SEV_2023-02-22-14.00-2-571.jpg,3.98E-13,4.89E-09,1.11E-09,4.04E-06,0.99999595,2.53E-09
DEL_SEV_2023-02-22-14.00-2-611.jpg,6.18E-11,1.85E-13,0.9999995,6.02E-08,3.19E-07,2.13E-09
DEL_SEV_2023-02-22-14.00-2-636.jpg,0.9999999,6.07E-08,2.12E-09,7.25E-15,1.45E-11,1.13E-08
DEL_SEV_2023-02-22-14.00-2-66.jpg,1.80E-09,2.26E-08,9.88E-07,0.9999968,2.21E-06,2.43E-08
DEL_SEV_2023-02-22-14.00-2-661.jpg,1.88E-08,4.83E-10,2.21E-05,0.000515959,0.002118714,0.99734324
DEL_SEV_2023-02-22-14.00-2-686.jpg,3.56E-34,4.37E-24,1.02E-26,4.22E-16,1,6.25E-23
DEL_SEV_2023-02-22-14.00-2-701.jpg,1.75E-34,1.94E-23,7.46E-25,6.11E-21,1,1.35E-22
DEL_SEV_2023-02-22-14.00-2-706.jpg,1.56E-15,5.16E-13,1,6.10E-15,7.13E-14,1.01E-18
DEL_SEV_2023-02-22-14.00-2-711.jpg,0.001341723,1.13E-06,0.98805326,0.002256447,0.007723389,0.000624013
DEL_SEV_2023-02-22-14.00-2-721.jpg,0.9999397,5.74E-05,2.05E-06,1.25E-12,8.92E-09,9.21E-07
DEL_SEV_2023-02-22-14.00-2-736.jpg,0.000446382,1.06E-06,0.9948626,0.004586224,9.85E-05,5.09E-06
DEL_SEV_2023-02-22-14.00-4.jpg,1.08E-12,2.19E-10,7.21E-09,1,1.53E-08,2.30E-11
BENGR_UHFSG_2023-02-03-08.30-1-2.jpg,8.27E-19,4.63E-12,9.07E-13,3.96E-13,1,8.79E-13
BENGR_UHFSG_2023-02-03-08.30-1-21.jpg,0.006880828,0.000344288,0.044437375,0.031678706,0.1083765,0.80828226
BENGR_UHFSG_2023-02-03-08.30-1-23.jpg,3.12E-08,2.12E-11,0.999918,5.25E-06,7.61E-05,6.46E-07
BENGR_UHFSG_2023-02-03-08.30-1-25.jpg,3.97E-07,5.48E-06,0.000146102,0.000136989,0.99902606,0.000685064
BENGR_UHFSG_2023-02-03-08.30-1-33.jpg,0,0,0,0,0,1
BENGR_UHFSG_2023-02-03-08.30-1-34.jpg,6.35E-08,1.86E-10,4.44E-09,8.66E-11,5.76E-06,0.99999416
BENGR_UHFSG_2023-02-03-08.30-1-37.jpg,0.001068521,0.000124502,0.20856062,0.7659887,0.022487871,0.001769776
BENGR_UHFSG_2023-02-03-08.30-1-46.jpg,8.26E-15,4.70E-14,1,2.27E-14,1.66E-16,6.86E-21
BENGR_UHFSG_2023-02-03-08.30-1-52.jpg,3.69E-26,8.09E-28,5.35E-20,4.36E-20,3.60E-12,1
BENGR_UHFSG_2023-02-03-08.30-1-53.jpg,4.52E-08,1.10E-07,1.86E-06,0.99999595,1.96E-06,3.70E-08
BENGR_UHFSG_2023-02-03-08.30-1-54.jpg,3.81E-28,6.54E-19,2.02E-20,3.96E-17,1,1.58E-18
BENGR_UHFSG_2023-02-05-08.30-1-13.jpg,1.89E-16,7.78E-18,4.64E-17,2.79E-09,9.65E-09,1
BENGR_UHFSG_2023-02-05-08.30-1-27.jpg,0,0,0,0,0,1
BENGR_UHFSG_2023-02-05-08.30-1-28.jpg,0.00144007,0.000770926,0.07952458,0.012685874,0.71145767,0.19412091
BENGR_UHFSG_2023-02-05-08.30-1-29.jpg,1.26E-06,0.9999987,1.60E-11,3.80E-16,4.69E-19,1.13E-20
BENGR_UHFSG_2023-02-05-08.30-1-31.jpg,0.9994079,0.000578064,9.89E-06,1.69E-10,5.28E-08,4.11E-06
BENGR_UHFSG_2023-02-05-08.30-1-41.jpg,1.60E-07,0.9999999,4.25E-14,2.84E-18,3.29E-22,3.11E-23
BENGR_UHFSG_2023-02-05-08.30-1-42.jpg,2.00E-10,4.83E-09,1.99E-08,0.9999999,1.38E-07,5.57E-10
BENGR_UHFSG_2023-02-05-08.30-1-48.jpg,1.28E-12,6.57E-10,3.51E-09,0.9999999,8.55E-08,9.18E-11
BENGR_UHFSG_2023-02-09-08.30-1-14.jpg,4.90E-07,6.08E-05,4.04E-05,0.00140733,0.9983284,0.000162626
BENGR_UHFSG_2023-02-09-08.30-1-17.jpg,5.09E-10,9.94E-08,4.02E-07,0.9999974,2.10E-06,5.04E-09
BENGR_UHFSG_2023-02-09-08.30-1-18.jpg,1.61E-14,1.63E-13,1,8.17E-12,3.55E-15,6.80E-19
BENGR_UHFSG_2023-02-09-08.30-1-2.jpg,2.15E-06,1.43E-07,0.99999774,2.92E-11,2.49E-08,1.86E-11
BENGR_UHFSG_2023-02-09-08.30-1-22.jpg,8.98E-09,2.15E-07,4.76E-05,1.73E-05,0.9999281,6.75E-06
BENGR_UHFSG_2023-02-09-08.30-1-26.jpg,1.08E-05,2.27E-08,0.99677247,0.000277233,0.002888286,5.12E-05
BENGR_UHFSG_2023-02-09-08.30-1-33.jpg,1.80E-09,2.26E-08,9.88E-07,0.9999968,2.21E-06,2.43E-08
BENGR_UHFSG_2023-02-09-08.30-1-38.jpg,1.10E-09,6.13E-07,1.57E-06,0.99994326,5.45E-05,4.30E-08
BENGR_UHFSG_2023-02-09-08.30-1-42.jpg,6.50E-30,3.75E-19,4.96E-21,1.98E-16,1,5.89E-18
BENGR_UHFSG_2023-02-09-08.30-1-49.jpg,1.48E-10,3.22E-09,1.71E-08,6.95E-07,0.9999989,3.55E-07
BENGR_UHFSG_2023-02-09-08.30-1-5.jpg,1,2.33E-08,2.59E-14,1.64E-22,1.21E-17,3.09E-13
BENGR_UHFSG_2023-02-09-08.30-1-9.jpg,1.18E-11,1.12E-07,9.86E-08,0.99999785,1.94E-06,2.27E-10
BENGR_UHFSG_2023-02-14-08.30-1-15.jpg,2.37E-13,2.74E-15,1,4.27E-09,4.52E-08,9.78E-11
BENGR_UHFSG_2023-02-14-08.30-1-16.jpg,0.3393696,0.6606301,2.10E-07,1.12E-10,1.11E-11,2.09E-10
BENGR_UHFSG_2023-02-14-08.30-1-17.jpg,9.06E-05,0.99814296,0.000124881,0.001592486,4.90E-05,2.18E-07
BENGR_UHFSG_2023-02-14-08.30-1-5.jpg,1.41E-11,3.69E-06,7.32E-08,1.60E-06,0.9999943,3.97E-07
BENGR_UHFSG_2023-02-14-08.30-1-6.jpg,1.63E-07,1.90E-05,1.65E-07,0.9999597,2.09E-05,2.26E-07
BENGR_UHFSG_2023-02-14-08.30-1-9.jpg,2.49E-10,6.55E-08,2.36E-07,0.9999987,9.95E-07,1.82E-09
BENGR_UHFSG_2023-02-15-14.30-1-1.jpg,0.004466913,0.000219866,0.05721391,0.01266782,0.08312164,0.84230983
BENGR_UHFSG_2023-02-15-14.30-1-13.jpg,6.38E-09,7.34E-07,4.87E-06,0.99991596,7.82E-05,1.68E-07
BENGR_UHFSG_2023-02-15-14.30-1-16.jpg,2.06E-15,1.13E-16,2.18E-12,1.44E-08,4.57E-07,0.9999995
BENGR_UHFSG_2023-02-15-14.30-1-18.jpg,2.13E-13,1.72E-20,1,4.02E-11,6.23E-11,4.41E-14
BENGR_UHFSG_2023-02-15-14.30-1-20.jpg,0.9999999,7.35E-08,1.44E-09,1.22E-12,3.87E-12,5.23E-11
BENGR_UHFSG_2023-02-15-14.30-1-22.jpg,3.18E-15,7.94E-11,4.49E-11,1.10E-08,1,2.76E-10
BENGR_UHFSG_2023-02-15-14.30-1-23.jpg,3.60E-13,4.75E-09,2.32E-09,1,1.73E-08,3.91E-12
BENGR_UHFSG_2023-02-15-14.30-1-24.jpg,2.98E-13,1.04E-10,4.93E-09,1,6.09E-09,2.86E-12
BENGR_UHFSG_2023-02-15-14.30-1-26.jpg,0.001392833,0.005299454,0.11326997,0.007591002,0.7954771,0.07696964
BENGR_UHFSG_2023-02-15-14.30-1-3.jpg,1,2.34E-09,1.87E-11,7.95E-17,3.44E-14,5.04E-11
BENGR_UHFSG_2023-02-15-14.30-1-30.jpg,3.97E-15,7.40E-11,5.65E-11,1.26E-09,1,1.14E-10
BENGR_UHFSG_2023-02-15-14.30-1-33.jpg,0.000328102,7.44E-06,0.99456906,0.004010652,0.001009833,7.48E-05
BENGR_UHFSG_2023-02-15-14.30-1-38.jpg,2.27E-11,2.19E-09,2.56E-08,0.99999976,2.22E-07,6.18E-10
BENGR_UHFSG_2023-02-15-14.30-1-41.jpg,0.010757663,0.98908514,0.000157175,9.62E-09,2.36E-09,4.08E-09
BENGR_UHFSG_2023-02-15-14.30-1-5.jpg,0.9999949,4.98E-06,9.31E-10,7.41E-16,6.66E-12,1.60E-07
BENGR_UHFSG_2023-02-15-14.30-1-7.jpg,5.50E-05,0.000480429,0.002008284,0.014786674,0.9815035,0.001166119
BENGR_Good_2023-02-19-08.30-1-17.jpg,0.8070706,0.19104117,0.001809722,5.45E-06,6.54E-06,6.65E-05
BENGR_Good_2023-02-19-08.30-1-18.jpg,2.07E-24,1.12E-23,1.66E-20,2.12E-15,5.19E-11,1
BENGR_Good_2023-02-19-08.30-1-38.jpg,2.65E-31,3.19E-20,5.31E-22,3.22E-17,1,1.53E-18
BENGR_Good_2023-02-19-08.30-1-40.jpg,3.45E-09,1.75E-06,6.70E-07,0.000160158,0.999833,4.37E-06
BENGR_Good_2023-02-19-08.30-1-41.jpg,2.13E-19,5.35E-19,1,1.54E-19,5.11E-23,2.10E-29
BENGR_Good_2023-02-19-08.30-1-42.jpg,0.000381954,0.9992213,0.000322098,6.54E-05,9.09E-06,1.33E-07
BENGR_Good_2023-02-19-08.30-1-43.jpg,0.007282038,0.9924637,0.000254274,8.01E-10,3.27E-10,2.14E-10
BENGR_Good_2023-02-19-08.30-1-45.jpg,0,0,0,0,4.98E-30,1
BENGR_Good_2023-02-19-08.30-1-46.jpg,4.72E-05,3.64E-06,0.99986744,4.10E-05,3.93E-05,1.36E-06
BENGR_Mod_2023-02-21-08.30-1-101.jpg,7.26E-32,6.91E-20,1.11E-24,4.21E-19,1,2.98E-19
BENGR_Mod_2023-02-21-08.30-1-141.jpg,6.37E-17,1.94E-15,7.32E-16,1.41E-13,1.79E-08,1
BENGR_Mod_2023-02-21-08.30-1-206.jpg,2.96E-18,1,4.21E-22,9.07E-33,9.49E-35,0
BENGR_Mod_2023-02-21-08.30-1-21.jpg,0.26835522,0.000754703,0.71907496,4.04E-05,0.01030782,0.001466935
BENGR_Mod_2023-02-21-08.30-1-226.jpg,2.37E-05,3.99E-06,0.9997222,0.000236335,1.32E-05,5.37E-07
BENGR_Mod_2023-02-21-08.30-1-231.jpg,9.09E-09,3.90E-07,8.08E-05,1.41E-05,0.9999,4.65E-06
BENGR_Mod_2023-02-21-08.30-1-246.jpg,1.50E-07,3.61E-09,3.13E-05,0.001754866,0.004571839,0.9936418
BENGR_Mod_2023-02-21-08.30-1-26.jpg,8.51E-07,2.89E-06,0.000477689,0.9988589,0.000623998,3.57E-05
BENGR_Mod_2023-02-21-08.30-1-271.jpg,1.40E-06,1.28E-07,0.9999974,9.24E-07,1.73E-07,2.49E-09
BENGR_Mod_2023-02-21-08.30-1-281.jpg,2.31E-07,1.11E-06,0.000106829,2.72E-05,0.99972004,0.000144509
BENGR_Mod_2023-02-21-08.30-1-296.jpg,0.9960038,0.003994206,8.49E-07,1.56E-10,5.64E-09,1.24E-06
BENGR_Mod_2023-02-21-08.30-1-36.jpg,2.34E-05,3.93E-05,0.9789115,0.020887833,0.000133287,4.69E-06
BENGR_Mod_2023-02-21-08.30-1-376.jpg,2.47E-10,8.09E-07,3.07E-07,0.99998987,8.94E-06,4.21E-09
BENGR_Mod_2023-02-21-08.30-1-396.jpg,6.06E-09,2.06E-05,6.50E-06,8.34E-05,0.9998772,1.23E-05
BENGR_Mod_2023-02-21-08.30-1-456.jpg,0.000172161,3.06E-06,0.9645097,0.016470503,0.01827736,0.00056711
BENGR_Mod_2023-02-21-08.30-1-46.jpg,0.99925584,0.00011578,0.000285269,0.000290567,2.82E-05,2.43E-05
BENGR_Mod_2023-02-21-08.30-1-461.jpg,4.75E-07,1.24E-06,0.00013704,0.99970955,0.000148454,3.22E-06
BENGR_Mod_2023-02-21-08.30-1-491.jpg,1,2.33E-10,2.52E-12,1.13E-19,3.97E-15,1.30E-10
BENGR_Mod_2023-02-21-08.30-1-516.jpg,7.45E-06,0.9999926,3.75E-11,1.93E-16,3.89E-17,7.16E-17
BENGR_Mod_2023-02-21-08.30-1-526.jpg,5.65E-14,7.07E-14,8.48E-11,4.27E-08,9.39E-06,0.9999906
BENGR_Mod_2023-02-21-08.30-1-536.jpg,1.89E-14,4.28E-16,1.05E-10,1.20E-09,1.26E-06,0.9999987
BENGR_Mod_2023-02-21-08.30-1-541.jpg,0,0,0,0,2.55E-27,1
BENGR_Mod_2023-02-21-08.30-1-551.jpg,0.9999931,5.59E-06,1.71E-07,4.42E-13,1.36E-09,1.20E-06
BENGR_Mod_2023-02-21-08.30-1-556.jpg,0.001245299,0.000327246,0.68006057,0.30902854,0.008632697,0.000705698
BENGR_Mod_2023-02-21-08.30-1-56.jpg,0.9997105,0.000183609,8.32E-05,3.05E-07,3.81E-06,1.85E-05
BENGR_Mod_2023-02-21-08.30-1-81.jpg,0.001762493,0.001855834,0.26907858,0.051849548,0.65710634,0.018347118
BENGR_Mod_2023-02-21-08.30-1-86.jpg,0.9988418,0.00115338,2.71E-06,2.32E-11,9.03E-09,2.08E-06
BENGR_Mod_2023-02-23-08.30-1-206.jpg,1.80E-09,2.26E-08,9.88E-07,0.9999968,2.21E-06,2.43E-08
BENGR_Mod_2023-02-23-08.30-1-211.jpg,0.9993777,0.000603766,1.60E-05,1.43E-10,5.02E-08,2.43E-06
BENGR_Mod_2023-02-23-08.30-1-326.jpg,6.54E-06,2.40E-06,0.9999589,3.02E-05,1.93E-06,5.50E-08
BENGR_Mod_2023-02-23-08.30-1-371.jpg,2.56E-13,1,5.64E-13,4.79E-17,6.48E-18,3.03E-25
BENGR_Mod_2023-02-23-08.30-1-376.jpg,4.91E-13,4.37E-10,4.50E-09,0.9999999,1.36E-07,3.84E-11
BENGR_Mod_2023-02-23-08.30-1-386.jpg,3.68E-06,1.39E-08,0.9977742,0.00046076,0.001740868,2.04E-05
BENGR_Mod_2023-02-23-08.30-1-431.jpg,0.6753495,0.32060382,0.003906547,2.28E-05,1.64E-05,0.00010099
BENGR_Mod_2023-02-23-08.30-1-441.jpg,1.45E-11,5.20E-08,4.63E-08,4.23E-06,0.9999957,3.74E-08
BENGR_Mod_2023-02-23-08.30-1-466.jpg,1.39E-06,0.03563462,0.964364,4.20E-09,1.57E-08,2.35E-09
BENGR_Mod_2023-02-23-08.30-1-476.jpg,1.58E-12,9.61E-10,4.80E-09,0.9999999,1.06E-07,9.43E-11
BENGR_Mod_2023-02-23-08.30-1-491.jpg,5.06E-08,3.88E-11,0.9999863,8.26E-07,1.27E-05,1.60E-07
BENGR_Mod_2023-02-23-08.30-1-501.jpg,0.9999722,2.75E-05,6.56E-09,1.81E-14,4.55E-11,2.81E-07
BENGR_Mod_2023-02-23-08.30-1-516.jpg,5.12E-10,3.51E-08,1.07E-07,0.999995,4.87E-06,1.43E-08
BENGR_Mod_2023-02-23-08.30-1-521.jpg,0.948326,0.051667877,6.04E-06,2.39E-10,5.00E-10,8.14E-08
BENGR_Mod_2023-02-23-08.30-1-561.jpg,1.05E-05,2.06E-08,0.9968952,0.000247989,0.002796551,4.98E-05
BENGR_Mod_2023-02-23-08.30-1-571.jpg,7.76E-10,2.29E-05,6.02E-07,0.99997234,4.20E-06,2.05E-09
BENGR_Mod_2023-02-23-08.30-1-6.jpg,0.90358746,0.00283005,0.08437282,0.000531697,0.003750572,0.004927359
BENGR_Mod_2023-02-23-08.30-1-81.jpg,7.26E-14,7.17E-11,3.91E-09,1,1.46E-09,5.25E-13
BENGR_Mod_2023-02-23-08.30-1-96.jpg,9.55E-21,2.88E-22,2.63E-16,1.43E-14,6.67E-10,1
BENGR_Mod_2023-02-24-08.30-1-101.jpg,1.20E-07,3.42E-07,0.9618974,0.03809666,5.48E-06,1.11E-08
BENGR_Mod_2023-02-24-08.30-1-106.jpg,3.06E-18,1,1.96E-21,5.41E-28,1.78E-28,3.50E-38
BENGR_Mod_2023-02-24-08.30-1-111.jpg,2.73E-13,1.02E-14,1.27E-10,2.74E-07,4.41E-06,0.99999535
BENGR_Mod_2023-02-24-08.30-1-131.jpg,8.93E-08,8.64E-07,0.000150575,0.000164153,0.9996557,2.86E-05
BENGR_Mod_2023-02-24-08.30-1-176.jpg,2.20E-10,3.11E-09,1.23E-07,0.99999976,1.35E-07,7.03E-10
BENGR_Mod_2023-02-24-08.30-1-186.jpg,1.01E-08,3.91E-08,6.23E-07,0.99999833,1.08E-06,1.69E-08
BENGR_Mod_2023-02-24-08.30-1-21.jpg,2.94E-12,3.84E-08,1.33E-08,9.47E-08,0.99999976,9.55E-08
BENGR_Mod_2023-02-24-08.30-1-236.jpg,7.22E-08,1.53E-07,0.9999994,1.55E-07,1.92E-07,4.93E-10
BENGR_Mod_2023-02-24-08.30-1-246.jpg,2.12E-08,3.26E-06,9.10E-06,8.63E-05,0.9998933,7.97E-06
BENGR_Mod_2023-02-24-08.30-1-296.jpg,2.21E-07,1.26E-08,0.9995253,0.000273136,0.000195597,5.76E-06
BENGR_Mod_2023-02-24-08.30-1-316.jpg,2.64E-05,0.99993896,1.72E-06,3.18E-05,1.20E-06,2.28E-09
BENGR_Mod_2023-02-24-08.30-1-326.jpg,4.97E-12,1,7.08E-13,4.27E-16,2.42E-18,4.87E-25
BENGR_Mod_2023-02-24-08.30-1-376.jpg,2.15E-10,4.04E-09,4.17E-07,0.9999993,3.28E-07,1.45E-09
BENGR_Mod_2023-02-24-08.30-1-381.jpg,4.86E-07,3.43E-05,0.00872295,9.39E-06,0.9834915,0.007741412
BENGR_Mod_2023-02-24-08.30-1-386.jpg,1.80E-09,2.26E-08,9.88E-07,0.9999968,2.21E-06,2.43E-08
BENGR_Mod_2023-02-24-08.30-1-401.jpg,1.25E-06,7.48E-06,0.000520224,0.999225,0.000238902,7.17E-06
BENGR_Mod_2023-02-24-08.30-1-416.jpg,0.9930102,0.00692825,3.68E-05,6.01E-09,3.91E-07,2.44E-05
BENGR_Mod_2023-02-24-08.30-1-436.jpg,1.85E-07,0.99999976,5.33E-15,7.31E-22,6.67E-25,1.79E-25
BENGR_Mod_2023-02-24-08.30-1-46.jpg,3.40E-11,5.36E-07,1.63E-08,5.82E-06,0.9999932,4.90E-07
BENGR_Mod_2023-02-24-08.30-1-76.jpg,0.036047425,2.70E-05,0.9584484,0.003310621,0.001888925,0.00027767
BENGR_Mod_2023-02-25-08.30-1-116.jpg,0.99699044,0.002943675,3.12E-05,5.76E-08,1.31E-06,3.32E-05
BENGR_Mod_2023-02-25-08.30-1-221.jpg,3.00E-07,6.45E-08,0.99974483,9.99E-05,0.000143902,1.09E-05
BENGR_Mod_2023-02-25-08.30-1-256.jpg,3.87E-06,0.99999213,9.87E-07,2.69E-06,3.75E-07,3.90E-10
BENGR_Mod_2023-02-25-08.30-1-281.jpg,1.21E-12,1,1.21E-10,3.57E-16,1.46E-16,9.95E-24
BENGR_Mod_2023-02-25-08.30-1-301.jpg,5.59E-14,1.11E-14,1,1.21E-10,2.06E-16,1.65E-20
BENGR_Mod_2023-02-25-08.30-1-306.jpg,0.89805984,0.03406105,0.001131558,3.49E-05,0.001048005,0.06566474
BENGR_Mod_2023-02-25-08.30-1-311.jpg,8.49E-05,6.55E-06,0.000325809,0.999519,6.02E-05,3.74E-06
BENGR_Mod_2023-02-25-08.30-1-321.jpg,1.46E-07,1.42E-08,0.9999987,2.12E-10,1.21E-06,7.29E-10
BENGR_Mod_2023-02-25-08.30-1-331.jpg,5.83E-09,1.63E-06,8.58E-07,0.000486902,0.9995034,7.32E-06
BENGR_Mod_2023-02-25-08.30-1-336.jpg,4.55E-06,1.05E-08,0.9982834,0.000663705,0.001033322,1.51E-05
BENGR_Mod_2023-02-25-08.30-1-36.jpg,1.43E-08,1.57E-10,0.99996054,1.20E-05,2.72E-05,3.00E-07
BENGR_Mod_2023-02-25-08.30-1-381.jpg,0.05670637,0.05498923,0.27837998,0.087901145,0.4095313,0.11249196
BENGR_Mod_2023-02-25-08.30-1-391.jpg,0.99858934,0.000986746,0.000366249,3.22E-08,4.73E-06,5.29E-05
BENGR_Mod_2023-02-25-08.30-1-396.jpg,1.94E-07,1.85E-07,0.99999917,4.96E-07,3.98E-08,3.21E-10
BENGR_Mod_2023-02-25-08.30-1-406.jpg,1.44E-06,7.40E-07,0.9999924,5.15E-06,3.80E-07,6.48E-09
BENGR_Mod_2023-02-25-08.30-1-431.jpg,2.46E-17,3.58E-19,6.70E-14,2.85E-14,9.54E-09,1
BENGR_Mod_2023-02-25-08.30-1-451.jpg,1.80E-09,2.26E-08,9.88E-07,0.9999968,2.21E-06,2.43E-08
BENGR_Mod_2023-02-25-08.30-1-456.jpg,6.36E-15,4.36E-13,1,8.50E-16,2.14E-13,3.16E-18
BENGR_Mod_2023-02-25-08.30-1-466.jpg,2.52E-22,9.65E-23,1,8.66E-27,2.68E-25,8.05E-33
BENGR_Mod_2023-02-25-08.30-1-486.jpg,5.13E-06,8.00E-07,0.9999714,2.12E-05,1.43E-06,3.50E-08
BENGR_Mod_2023-02-25-08.30-1-496.jpg,0.003885214,0.001570367,0.5105662,0.031540077,0.41244975,0.039988454
BENGR_Mod_2023-02-25-08.30-1-506.jpg,1,9.88E-11,1.94E-14,7.21E-24,2.14E-18,1.10E-14
BENGR_Mod_2023-02-25-08.30-1-516.jpg,1.08E-10,5.35E-09,1.57E-07,0.99999917,7.57E-07,2.94E-09
BENGR_Mod_2023-02-25-08.30-1-526.jpg,1.21E-13,1.65E-10,6.23E-10,1,2.39E-08,5.05E-12
BENGR_Mod_2023-02-25-08.30-1-536.jpg,0.99859947,0.000381839,0.000901948,3.92E-06,3.31E-05,7.96E-05
BENGR_Mod_2023-02-25-08.30-1-561.jpg,1.49E-10,7.84E-09,1.71E-07,0.9999989,9.27E-07,4.18E-09
BENGR_Mod_2023-02-25-08.30-1-6.jpg,5.81E-11,4.99E-11,1,2.34E-10,5.94E-12,5.93E-15
BENGR_Mod_2023-02-25-08.30-1-606.jpg,2.34E-12,2.61E-11,1,6.18E-12,1.41E-14,1.12E-18
BENGR_Mod_2023-02-25-08.30-1-611.jpg,1.54E-20,2.10E-15,2.08E-15,1,9.02E-15,2.67E-19
BENGR_Mod_2023-02-25-08.30-1-661.jpg,2.09E-23,1.65E-15,1.73E-17,1.92E-11,1,2.04E-15
BENGR_Mod_2023-02-25-08.30-1-666.jpg,1,1.11E-10,6.24E-13,3.49E-20,7.40E-16,2.72E-11
BENGR_Good_2023-02-26-08.30-1-111.jpg,1.80E-09,2.26E-08,9.88E-07,0.9999968,2.21E-06,2.43E-08
BENGR_Good_2023-02-26-08.30-1-126.jpg,0.9997187,4.27E-05,0.000181757,3.76E-05,9.90E-06,9.34E-06
BENGR_Good_2023-02-26-08.30-1-156.jpg,0.00068373,3.60E-07,0.9940321,0.00058233,0.004387567,0.00031401
BENGR_Good_2023-02-26-08.30-1-216.jpg,6.41E-15,5.25E-18,2.68E-12,5.00E-12,1.12E-07,0.9999999
BENGR_Good_2023-02-26-08.30-1-296.jpg,0.02330869,0.97660565,8.57E-05,2.41E-09,5.55E-10,1.53E-09
BENGR_Good_2023-02-26-08.30-1-306.jpg,8.54E-37,0,1.14E-29,2.71E-33,1.35E-16,1
BENGR_Good_2023-02-26-08.30-1-311.jpg,2.85E-12,2.10E-09,6.95E-09,0.99999976,1.96E-07,2.21E-10
BENGR_Good_2023-02-26-08.30-1-316.jpg,4.63E-07,6.87E-06,8.41E-05,0.99986136,4.65E-05,6.99E-07
BENGR_Good_2023-02-26-08.30-1-326.jpg,4.43E-17,1.52E-16,1,1.12E-16,5.14E-19,4.38E-24
BENGR_Good_2023-02-26-08.30-1-331.jpg,1.17E-05,1.56E-05,0.9371642,0.06268167,0.000124703,2.13E-06
BENGR_Good_2023-02-26-08.30-1-336.jpg,3.45E-07,2.33E-10,0.99961567,1.15E-05,0.000368529,3.95E-06
BENGR_Good_2023-02-26-08.30-1-356.jpg,9.43E-14,1,4.36E-22,9.71E-27,5.33E-33,1.38E-36
BENGR_Good_2023-02-26-08.30-1-366.jpg,0.2193365,0.77965003,0.000991155,8.51E-06,2.84E-06,1.09E-05
BENGR_Good_2023-02-26-08.30-1-411.jpg,0,0,0,0,0,1
BENGR_Good_2023-02-26-08.30-1-441.jpg,1.08E-06,3.10E-06,0.002049736,0.9978929,5.24E-05,7.68E-07
BENGR_Good_2023-02-26-08.30-1-446.jpg,0.4600864,0.09079068,0.25230855,0.05655351,0.07846343,0.061797347
BENGR_Good_2023-02-26-08.30-1-66.jpg,6.48E-10,1,8.55E-16,5.09E-27,1.96E-28,1.07E-33
BENGR_Good_2023-02-26-08.30-1-91.jpg,1.65E-12,1.57E-09,8.41E-09,0.9999999,1.41E-07,8.02E-11
BENGR_Good_2023-02-27-08.30-1-101.jpg,2.95E-23,2.52E-24,1.01E-21,9.61E-20,1.78E-12,1
BENGR_Good_2023-02-27-08.30-1-106.jpg,2.60E-11,1.05E-08,3.13E-08,0.9999989,1.13E-06,6.23E-10
BENGR_Good_2023-02-27-08.30-1-121.jpg,4.97E-13,1,4.14E-19,5.22E-27,9.33E-31,1.03E-35
BENGR_Good_2023-02-27-08.30-1-156.jpg,1.13E-11,5.72E-09,4.46E-08,0.9999995,5.00E-07,3.47E-10
BENGR_Good_2023-02-27-08.30-1-16.jpg,0.000185079,0.000493648,0.009062232,0.054675255,0.93284917,0.002734619
BENGR_Good_2023-02-27-08.30-1-176.jpg,0.000187907,2.20E-05,0.9187364,0.004997994,0.054465882,0.021589832
BENGR_Good_2023-02-27-08.30-1-206.jpg,0.99995124,4.51E-05,2.13E-06,1.80E-09,9.10E-08,1.29E-06
BENGR_Good_2023-02-27-08.30-1-221.jpg,1.38E-06,5.24E-08,0.9996087,4.36E-05,0.00032015,2.61E-05
BENGR_Good_2023-02-27-08.30-1-261.jpg,2.88E-14,8.08E-14,1,1.82E-14,7.35E-16,4.35E-20
BENGR_Good_2023-02-27-08.30-1-306.jpg,1.28E-05,5.36E-05,0.000210225,0.010101338,0.9893951,0.00022689
BENGR_Good_2023-02-27-08.30-1-326.jpg,7.45E-16,1.69E-12,4.59E-12,1,1.36E-10,3.84E-14
BENGR_Good_2023-02-27-08.30-1-386.jpg,8.66E-07,2.96E-06,0.002845192,0.99711335,3.71E-05,5.12E-07
BENGR_Good_2023-02-27-08.30-1-391.jpg,6.46E-07,3.70E-06,0.001872431,0.000165673,0.99783236,0.000125165
BENGR_Good_2023-02-27-08.30-1-416.jpg,7.03E-11,3.97E-08,1.18E-07,0.99999845,1.39E-06,1.57E-09
BENGR_Good_2023-02-27-08.30-1-421.jpg,0.00082361,0.000361389,0.005890978,0.025239306,0.5238105,0.44387418
BENGR_Good_2023-02-27-08.30-1-446.jpg,7.26E-17,3.44E-13,4.86E-12,1,2.05E-10,1.65E-14
BENGR_Good_2023-02-27-08.30-1-451.jpg,7.36E-06,0.000212805,9.76E-05,0.005593095,0.9934243,0.000664865
BENGR_Good_2023-02-27-08.30-1-56.jpg,2.88E-13,6.32E-08,4.00E-09,2.53E-07,0.99999964,2.78E-08
BENGR_Good_2023-02-27-08.30-1-71.jpg,0.000372875,4.37E-05,0.9992685,9.16E-05,0.00021298,1.04E-05
BENGR_Good_2023-02-27-08.30-1-96.jpg,6.80E-36,1.04E-23,3.28E-25,4.90E-22,1,1.05E-23
BENGR_Good_2023-02-28-08.30-1-1.jpg,1.63E-16,1.16E-15,1,8.45E-16,1.60E-18,5.64E-24
BENGR_Good_2023-02-28-08.30-1-101.jpg,0.025762603,0.9584853,0.015744513,2.79E-06,3.90E-06,8.87E-07
BENGR_Good_2023-02-28-08.30-1-116.jpg,1.21E-30,3.81E-32,5.15E-24,1.19E-20,2.99E-14,1
BENGR_Good_2023-02-28-08.30-1-136.jpg,5.58E-32,6.99E-34,2.42E-30,2.52E-27,1.10E-17,1
BENGR_Good_2023-02-28-08.30-1-176.jpg,1.82E-09,1.04E-09,1,4.07E-09,6.02E-10,8.58E-13
BENGR_Good_2023-02-28-08.30-1-216.jpg,2.01E-05,2.67E-05,0.99925846,0.000675002,1.88E-05,8.45E-07
BENGR_Good_2023-02-28-08.30-1-231.jpg,0.000148586,0.000170526,0.0280196,0.001694433,0.811471,0.15849587
BENGR_Good_2023-02-28-08.30-1-236.jpg,2.77E-05,2.08E-06,0.0041246,0.003071009,0.03285218,0.9599224
BENGR_Good_2023-02-28-08.30-1-246.jpg,1.13E-05,1.64E-09,0.9987198,7.78E-06,0.001227646,3.36E-05
BENGR_Good_2023-02-28-08.30-1-281.jpg,3.24E-15,3.36E-10,2.64E-10,5.00E-09,1,6.85E-10
BENGR_Good_2023-02-28-08.30-1-341.jpg,2.14E-32,9.36E-22,1.93E-23,7.76E-15,1,1.10E-22
BENGR_Good_2023-02-28-08.30-1-376.jpg,1.63E-06,0.99999833,6.38E-12,6.36E-16,2.15E-19,1.80E-20
BENGR_Good_2023-02-28-08.30-1-391.jpg,0.007012314,0.9919944,0.00099331,5.66E-09,4.45E-09,1.60E-09
BENGR_Good_2023-02-28-08.30-1-416.jpg,1.80E-09,2.26E-08,9.88E-07,0.9999968,2.21E-06,2.43E-08
BENGR_Good_2023-02-28-08.30-1-481.jpg,9.99E-15,1.97E-14,1,1.05E-13,1.69E-16,3.62E-21
BENGR_Good_2023-02-28-08.30-1-496.jpg,0.000157477,5.33E-07,0.9994697,0.000213272,0.000144543,1.45E-05
BENGR_Good_2023-02-28-08.30-1-526.jpg,0.058143836,0.007718131,0.9106331,0.003192044,0.01341402,0.006898873
BENGR_Good_2023-02-28-08.30-1-536.jpg,1.52E-05,3.92E-05,0.999574,0.000359296,1.19E-05,4.32E-07
BENGR_Good_2023-02-28-08.30-1-556.jpg,3.14E-05,1.97E-05,0.001860227,0.9978948,0.000185435,8.34E-06
BENGR_Good_2023-02-28-08.30-1-561.jpg,2.38E-09,3.29E-07,1.60E-06,0.9999931,4.98E-06,1.76E-08
BENGR_Good_2023-02-28-08.30-1-566.jpg,7.30E-09,6.80E-08,4.75E-06,0.99998593,9.01E-06,1.37E-07
BENGR_Good_2023-02-28-08.30-1-586.jpg,2.27E-07,0.99999917,5.59E-07,9.46E-09,2.02E-09,4.98E-13
BENGR_Good_2023-02-28-08.30-1-6.jpg,0.9998779,2.46E-05,7.67E-05,5.41E-06,4.65E-06,1.06E-05
BENGR_Good_2023-02-28-08.30-1-606.jpg,9.56E-14,1,2.32E-20,1.56E-29,3.01E-33,1.53E-38
BENGR_Good_2023-02-28-08.30-1-61.jpg,2.75E-05,2.31E-05,0.002049034,0.99770147,0.000190764,8.25E-06
BENGR_Good_2023-02-28-08.30-1-646.jpg,1.68E-05,0.000489886,4.69E-05,0.000751015,0.9985752,0.00012028
BENGR_Good_2023-02-28-08.30-1-676.jpg,8.14E-07,4.57E-05,0.006174936,1.00E-05,0.9828881,0.010880378
BENGR_Good_2023-02-28-08.30-1-86.jpg,0.9999999,1.14E-07,1.95E-08,3.99E-12,1.83E-10,1.50E-09
BENGR_Good_2023-02-28-08.30-1-96.jpg,2.27E-06,0.000148585,0.000110651,0.004720805,0.99485,0.000167736
BENGR_Mod_2023-03-01-08.30-1-1.jpg,2.80E-05,1.61E-06,0.9999201,1.50E-07,4.97E-05,5.81E-07
BENGR_Mod_2023-03-01-08.30-1-11.jpg,0.002846662,0.001043402,0.10131538,0.023478257,0.6438146,0.22750172
BENGR_Mod_2023-03-01-08.30-1-16.jpg,1.68E-14,1.34E-09,6.84E-10,5.35E-09,1,2.19E-09
BENGR_Mod_2023-03-01-08.30-1-171.jpg,5.48E-20,1,2.55E-21,1.54E-26,1.22E-26,6.55E-38
BENGR_Mod_2023-03-01-08.30-1-191.jpg,2.24E-06,9.24E-07,0.9999573,3.86E-05,8.34E-07,1.83E-08
BENGR_Mod_2023-03-01-08.30-1-221.jpg,0.000289447,2.61E-05,0.004136913,0.07073957,0.09480676,0.8300012
BENGR_Mod_2023-03-01-08.30-1-241.jpg,1.80E-09,2.26E-08,9.88E-07,0.9999968,2.21E-06,2.43E-08
BENGR_Mod_2023-03-01-08.30-1-261.jpg,1.34E-06,1.85E-06,0.9999814,1.62E-07,1.52E-05,8.95E-08
BENGR_Mod_2023-03-01-08.30-1-326.jpg,1.32E-05,8.43E-07,9.65E-05,0.00085772,0.00675918,0.9922725
BENGR_Mod_2023-03-01-08.30-1-331.jpg,2.30E-10,1.29E-10,1,4.57E-10,2.15E-11,2.92E-14
BENGR_Mod_2023-03-01-08.30-1-356.jpg,5.31E-12,1.36E-09,1.23E-08,0.9999999,1.62E-07,2.44E-10
BENGR_Mod_2023-03-01-08.30-1-366.jpg,5.17E-11,7.54E-10,1.55E-08,1,3.18E-08,9.64E-11
BENGR_Mod_2023-03-01-08.30-1-431.jpg,0.000155899,0.000133341,0.9958609,0.003680943,0.00015749,1.15E-05
BENGR_Mod_2023-03-01-08.30-1-46.jpg,1.98E-19,3.30E-21,4.86E-16,1.11E-13,2.27E-09,1
BENGR_Mod_2023-03-01-08.30-1-66.jpg,0.2896965,0.71003276,0.000270624,2.08E-08,1.07E-08,6.82E-08
BENGR_Mod_2023-03-01-08.30-1-91.jpg,1.74E-23,1.65E-16,9.93E-18,1,2.43E-15,1.34E-21
BENGR_Mod_2023-03-04-08.30-1-11.jpg,2.42E-12,4.40E-08,1.04E-08,1.31E-07,0.99999964,9.55E-08
BENGR_Mod_2023-03-04-08.30-1-126.jpg,2.06E-10,1,2.09E-10,2.26E-11,6.61E-15,8.17E-21
BENGR_Mod_2023-03-04-08.30-1-136.jpg,1.93E-06,2.34E-06,8.20E-05,0.99988675,2.61E-05,8.15E-07
BENGR_Mod_2023-03-04-08.30-1-166.jpg,3.66E-05,0.000125659,0.02841588,0.00024774,0.9022314,0.068942785
BENGR_Mod_2023-03-04-08.30-1-196.jpg,5.28E-21,1.43E-14,2.90E-16,1,5.20E-15,5.25E-20
BENGR_Mod_2023-03-04-08.30-1-256.jpg,3.74E-22,3.15E-22,5.66E-20,2.45E-18,9.50E-11,1
BENGR_Mod_2023-03-04-08.30-1-26.jpg,6.07E-13,2.75E-21,1,3.62E-17,1.38E-10,3.10E-10
BENGR_Mod_2023-03-04-08.30-1-276.jpg,1.26E-14,1.02E-10,4.35E-11,1.43E-06,0.99999857,1.06E-09
BENGR_Mod_2023-03-04-08.30-1-316.jpg,1.46E-06,1.08E-09,0.9999232,2.12E-06,6.41E-05,9.13E-06
BENGR_Mod_2023-03-04-08.30-1-326.jpg,5.85E-18,1.10E-11,1.45E-12,3.70E-09,1,1.32E-12
BENGR_Mod_2023-03-04-08.30-1-366.jpg,5.88E-11,1.77E-09,2.73E-07,0.99999917,6.01E-07,1.57E-09
BENGR_Mod_2023-03-04-08.30-1-376.jpg,8.62E-05,0.9999137,7.50E-08,2.08E-11,1.76E-13,1.63E-15
BENGR_Mod_2023-03-04-08.30-1-386.jpg,0.000220942,0.000162957,0.042556938,0.9409779,0.014409975,0.001671353
BENGR_Mod_2023-03-04-08.30-1-436.jpg,0.029735317,0.9702012,6.32E-05,9.77E-08,8.12E-08,1.75E-08
BENGR_Mod_2023-03-04-08.30-1-456.jpg,1.86E-05,2.17E-07,0.99676216,0.001327935,0.001810215,8.09E-05
BENGR_Mod_2023-03-04-08.30-1-501.jpg,1.08E-09,3.69E-08,1.49E-06,1.70E-05,0.99998045,1.02E-06
BENGR_Mod_2023-03-04-08.30-1-506.jpg,0.000173848,2.11E-06,0.99125767,0.000381381,0.007190767,0.000994354
BENGR_Mod_2023-03-04-08.30-1-516.jpg,3.04E-10,3.25E-09,3.24E-08,0.9999999,1.49E-07,7.13E-10
BENGR_Mod_2023-03-04-08.30-1-531.jpg,7.75E-10,1.47E-08,5.50E-07,0.99999785,1.49E-06,1.25E-08
BENGR_Mod_2023-03-04-08.30-1-561.jpg,5.39E-08,1.14E-05,0.004519349,1.71E-06,0.99210817,0.003359292
BENGR_Mod_2023-03-04-08.30-1-576.jpg,1.50E-17,1.21E-13,4.15E-12,1.51E-11,1,7.96E-11
BENGR_Mod_2023-03-06-08.30-1-121.jpg,0.9582876,0.041481845,0.000173731,2.76E-07,1.94E-06,5.46E-05
BENGR_Mod_2023-03-06-08.30-1-151.jpg,1.30E-12,6.71E-10,5.32E-09,1,5.58E-08,4.67E-11
BENGR_Mod_2023-03-06-08.30-1-191.jpg,1.73E-10,1.25E-07,1.80E-07,0.99999857,1.01E-06,1.36E-09
BENGR_Mod_2023-03-06-08.30-1-196.jpg,2.86E-05,1.51E-06,0.9878187,0.004320892,0.007479083,0.000351176
BENGR_Mod_2023-03-06-08.30-1-21.jpg,7.02E-06,2.41E-09,0.9983188,1.58E-05,0.001624416,3.40E-05
BENGR_Mod_2023-03-06-08.30-1-216.jpg,4.46E-05,1.38E-07,0.9939831,0.001765433,0.004103359,0.000103387
BENGR_Mod_2023-03-06-08.30-1-226.jpg,0.000665042,3.92E-06,0.9868972,0.012151181,0.000266431,1.63E-05
BENGR_Mod_2023-03-06-08.30-1-346.jpg,3.54E-12,3.85E-10,1.89E-08,0.9999999,6.55E-08,1.01E-10
BENGR_Mod_2023-03-06-08.30-1-396.jpg,1.22E-06,0.99999857,1.83E-07,6.88E-10,2.37E-10,3.05E-13
BENGR_Mod_2023-03-06-08.30-1-461.jpg,1.16E-08,3.40E-06,2.19E-06,0.000419564,0.99957246,2.37E-06
BENGR_Mod_2023-03-06-08.30-1-466.jpg,2.15E-07,2.75E-09,0.9996872,3.83E-05,0.000266653,7.72E-06
BENGR_Mod_2023-03-06-08.30-1-471.jpg,0.00654428,6.53E-05,0.85395724,0.13425359,0.004759592,0.000419989
BENGR_Mod_2023-03-06-08.30-1-486.jpg,1.76E-08,5.15E-10,4.84E-05,0.000143532,0.002054154,0.99775404
BENGR_Mod_2023-03-06-08.30-1-511.jpg,4.55E-14,9.31E-09,2.34E-09,3.53E-07,0.99999964,2.10E-09
BENGR_Mod_2023-03-06-08.30-1-526.jpg,1.68E-07,2.93E-05,0.005325795,3.58E-06,0.99048305,0.004158128
BENGR_Mod_2023-03-06-08.30-1-531.jpg,2.30E-06,5.14E-07,0.99999714,9.16E-13,1.17E-09,3.59E-13
BENGR_Mod_2023-03-06-08.30-1-556.jpg,0.00968804,0.98966974,0.000642259,4.34E-09,2.37E-09,1.16E-09
BENGR_Mod_2023-03-06-08.30-1-56.jpg,6.79E-11,8.89E-09,9.72E-08,0.9999989,9.22E-07,2.09E-09
BENGR_Mod_2023-03-06-08.30-1-591.jpg,2.59E-05,1.73E-05,0.9996457,0.000295174,1.53E-05,6.57E-07
BENGR_Mod_2023-03-06-08.30-1-76.jpg,4.46E-26,9.57E-28,1.16E-24,1.70E-26,8.55E-13,1
BENGR_Mod_2023-03-06-08.30-1-81.jpg,0.004780503,0.001684462,0.5143833,0.041918427,0.3943636,0.04286974
BENGR_Mod_2023-03-06-08.30-1-96.jpg,1,3.82E-08,2.90E-08,1.29E-11,1.16E-10,1.16E-09
BENGR_UnFSG_2023-03-08-08.30-1-101.jpg,1.71E-06,0.99999833,6.48E-10,6.47E-12,1.19E-14,6.72E-16
BENGR_UnFSG_2023-03-08-08.30-1-11.jpg,2.36E-07,1.68E-08,0.99999857,3.15E-10,1.17E-06,8.25E-10
BENGR_UnFSG_2023-03-08-08.30-1-151.jpg,0.25118232,0.72557926,0.022823822,0.000169738,0.000117697,0.000127287
BENGR_UnFSG_2023-03-08-08.30-1-156.jpg,1.80E-09,2.26E-08,9.88E-07,0.9999968,2.21E-06,2.43E-08
BENGR_UnFSG_2023-03-08-08.30-1-201.jpg,4.46E-11,1.62E-09,1.53E-08,0.9999999,1.21E-07,5.10E-10
BENGR_UnFSG_2023-03-08-08.30-1-21.jpg,1.29E-09,2.66E-07,1.32E-06,0.9999752,2.32E-05,3.96E-08
BENGR_UnFSG_2023-03-08-08.30-1-216.jpg,1.27E-07,1.20E-07,0.99999774,3.64E-09,2.01E-06,5.61E-09
BENGR_UnFSG_2023-03-08-08.30-1-236.jpg,0.7083235,0.29152104,0.000154266,8.00E-08,3.58E-08,1.06E-06
BENGR_UnFSG_2023-03-08-08.30-1-246.jpg,1.00E-07,1.35E-05,2.52E-05,0.9999075,5.34E-05,3.22E-07
BENGR_UnFSG_2023-03-08-08.30-1-251.jpg,8.32E-11,1,2.73E-20,3.12E-30,1.65E-34,8.08E-37
BENGR_UnFSG_2023-03-08-08.30-1-321.jpg,9.14E-11,4.03E-08,1.58E-07,0.99999774,2.13E-06,2.54E-09
BENGR_UnFSG_2023-03-08-08.30-1-371.jpg,0.9997063,0.000291824,1.47E-06,2.98E-12,2.27E-09,3.62E-07
BENGR_UnFSG_2023-03-08-08.30-1-391.jpg,9.97E-31,3.40E-33,1,1.97E-31,1.96E-38,0
BENGR_UnFSG_2023-03-08-08.30-1-396.jpg,1.09E-08,4.70E-06,2.95E-06,8.19E-05,0.9999044,6.13E-06
BENGR_UnFSG_2023-03-08-08.30-1-426.jpg,5.12E-09,4.23E-10,4.09E-12,5.88E-07,2.73E-05,0.9999721
BENGR_UnFSG_2023-03-08-08.30-1-431.jpg,4.61E-21,2.34E-20,1.77E-18,8.04E-16,6.93E-09,1
BENGR_UnFSG_2023-03-08-08.30-1-46.jpg,4.67E-13,1.03E-09,1.92E-09,0.9999999,1.11E-07,4.32E-11
BENGR_UnFSG_2023-03-08-08.30-1-51.jpg,2.35E-05,2.12E-06,0.00041745,0.001520832,0.013737662,0.98429847
BENGR_Mod_2023-03-09-08.30-1-1.jpg,4.75E-12,1.17E-09,5.07E-08,1,3.77E-08,5.70E-11
BENGR_Mod_2023-03-09-08.30-1-106.jpg,1.18E-13,9.49E-10,1.21E-09,1.01E-07,0.9999999,3.46E-09
BENGR_Mod_2023-03-09-08.30-1-131.jpg,2.28E-10,4.84E-08,3.03E-07,0.9999964,3.20E-06,5.84E-09
BENGR_Mod_2023-03-09-08.30-1-136.jpg,0.9999994,4.06E-07,2.13E-08,1.11E-13,5.30E-10,1.88E-07
BENGR_Mod_2023-03-09-08.30-1-146.jpg,1,2.43E-30,0,0,0,0
BENGR_Mod_2023-03-09-08.30-1-201.jpg,2.98E-11,5.43E-07,7.31E-08,2.84E-06,0.9999963,2.55E-07
BENGR_Mod_2023-03-09-08.30-1-216.jpg,1.64E-05,2.12E-05,0.999655,0.000294191,1.27E-05,4.84E-07
BENGR_Mod_2023-03-09-08.30-1-271.jpg,0.09110117,8.23E-05,0.9002794,0.003640181,0.004087395,0.000809635
BENGR_Mod_2023-03-09-08.30-1-291.jpg,1,1.22E-09,1.47E-10,3.33E-16,7.16E-13,2.09E-09
BENGR_Mod_2023-03-09-08.30-1-31.jpg,2.52E-14,4.88E-11,3.44E-10,1,5.08E-09,1.93E-12
BENGR_Mod_2023-03-09-08.30-1-311.jpg,0.9686411,0.031114487,0.000119724,2.63E-07,3.72E-06,0.000120752
BENGR_Mod_2023-03-09-08.30-1-36.jpg,1.08E-12,1.28E-09,4.48E-09,0.9999999,1.24E-07,6.24E-11
BENGR_Mod_2023-03-09-08.30-1-371.jpg,4.49E-23,4.30E-15,2.04E-17,3.94E-14,1,6.66E-14
BENGR_Mod_2023-03-09-08.30-1-376.jpg,9.17E-21,1.87E-13,4.54E-15,2.81E-10,1,3.85E-14
BENGR_Mod_2023-03-09-08.30-1-386.jpg,5.24E-08,4.61E-07,8.69E-05,4.72E-05,0.9998412,2.42E-05
BENGR_Mod_2023-03-09-08.30-1-466.jpg,3.64E-27,4.18E-27,6.54E-24,3.71E-22,9.76E-12,1
BENGR_Mod_2023-03-09-08.30-1-471.jpg,1.10E-18,6.72E-20,3.25E-16,7.64E-16,1.96E-08,1
BENGR_Mod_2023-03-09-08.30-1-61.jpg,5.37E-05,6.15E-08,0.9959197,0.000212995,0.00368423,0.000129285
BENGR_Mod_2023-03-13-08.30-1-141.jpg,0.003372668,3.52E-05,0.9440968,0.04168841,0.009812485,0.000994378
BENGR_Mod_2023-03-13-08.30-1-162.jpg,0.116579466,0.58355796,0.2838285,0.005816133,0.007636834,0.002581177
BENGR_Mod_2023-03-13-08.30-1-176.jpg,6.48E-19,2.33E-19,1.28E-15,2.75E-16,5.41E-08,1
BENGR_Mod_2023-03-13-08.30-1-225.jpg,4.94E-07,0.9999988,6.04E-07,1.26E-07,1.17E-08,4.66E-12
BENGR_Mod_2023-03-13-08.30-1-260.jpg,1.66E-08,1.33E-07,1.86E-06,0.9997259,0.000269913,2.19E-06
BENGR_Mod_2023-03-13-08.30-1-302.jpg,4.12E-08,1.73E-07,9.20E-06,0.9999758,1.45E-05,2.51E-07
BENGR_Mod_2023-03-13-08.30-1-337.jpg,0,0,3.37E-33,5.24E-28,7.39E-19,1
BENGR_Mod_2023-03-13-08.30-1-351.jpg,0.8686852,0.13043985,0.000539148,1.04E-05,1.40E-05,0.000311336
BENGR_Mod_2023-03-13-08.30-1-421.jpg,2.32E-13,1.43E-15,8.05E-12,3.70E-14,3.05E-06,0.9999969
BENGR_Mod_2023-03-13-08.30-1-43.jpg,2.03E-17,3.36E-11,2.07E-12,9.40E-09,1,4.74E-12
BENGR_Mod_2023-03-13-08.30-1-50.jpg,8.77E-06,6.11E-08,0.99397594,0.002870544,0.003128315,1.63E-05
BENGR_Mod_2023-03-13-08.30-1-92.jpg,3.40E-18,8.50E-12,1.99E-13,6.06E-09,1,4.72E-12
BENGR_Good_2023-03-17-08.30-1-113.jpg,3.26E-06,1.04E-05,0.99993896,4.56E-05,1.76E-06,3.74E-08
BENGR_Good_2023-03-17-08.30-1-127.jpg,1.47E-12,4.98E-10,1.42E-08,1,9.46E-09,6.22E-12
BENGR_Good_2023-03-17-08.30-1-134.jpg,5.85E-07,1.14E-07,0.9999982,9.44E-07,1.06E-07,1.15E-09
BENGR_Good_2023-03-17-08.30-1-15.jpg,2.78E-06,1.34E-07,0.000291651,0.010517522,0.018096315,0.9710916
BENGR_Good_2023-03-17-08.30-1-211.jpg,1.49E-05,5.15E-05,0.9997918,0.000132237,9.27E-06,2.89E-07
BENGR_Good_2023-03-17-08.30-1-218.jpg,0.10766359,0.88836277,0.003969383,2.07E-06,1.01E-06,1.16E-06
BENGR_Good_2023-03-17-08.30-1-267.jpg,1.28E-07,3.46E-10,0.99971324,6.67E-05,0.000218218,1.69E-06
BENGR_Good_2023-03-17-08.30-1-316.jpg,1.24E-19,3.67E-16,1,1.58E-18,3.32E-16,4.17E-22
BENGR_Good_2023-03-17-08.30-1-365.jpg,2.27E-06,5.79E-08,0.99969685,0.000199098,9.75E-05,4.12E-06
BENGR_Good_2023-03-17-08.30-1-372.jpg,1,3.69E-09,2.34E-09,7.87E-15,4.68E-12,5.78E-10
BENGR_Good_2023-03-17-08.30-1-407.jpg,2.03E-17,9.20E-14,1.67E-12,1,9.09E-11,4.50E-15
BENGR_Good_2023-03-17-08.30-1-456.jpg,9.30E-15,1,1.55E-13,2.86E-19,2.68E-19,1.70E-27
BENGR_Good_2023-03-17-08.30-1-512.jpg,9.88E-09,2.58E-10,1.84E-05,0.00021237,0.001564986,0.9982041
BENGR_Good_2023-03-17-08.30-1-519.jpg,5.14E-11,2.39E-07,1.95E-09,0.99999964,6.88E-08,1.86E-11
BENGR_Good_2023-03-17-08.30-1-547.jpg,1.56E-14,9.91E-12,1.43E-10,1,2.34E-09,1.09E-12
BENGR_Good_2023-03-17-08.30-1-57.jpg,2.84E-10,8.54E-08,3.39E-07,0.9999975,2.04E-06,3.84E-09
BENGR_Good_2023-03-17-08.30-1-582.jpg,1.71E-15,1.59E-16,1,8.44E-18,3.01E-17,2.22E-22
BENGR_Good_2023-03-17-08.30-1-64.jpg,6.92E-09,4.69E-08,0.9999924,8.25E-07,6.81E-06,7.26E-09
BENGR_Good_2023-03-17-08.30-1-71.jpg,2.87E-13,1.52E-10,2.97E-09,0.9999999,1.66E-07,3.46E-11
BENGR_Good_2023-03-17-08.30-1-78.jpg,0.000653427,5.97E-07,0.9925115,0.001538555,0.004921753,0.000374125
BENGR_Good_2023-03-17-08.30-1-85.jpg,0.09403993,0.9021289,0.003827722,1.73E-06,8.16E-07,8.66E-07
BENGR_Good_2023-03-21-08.30-1-15.jpg,1.09E-05,6.24E-06,0.99988115,9.75E-05,4.10E-06,1.33E-07
BENGR_Good_2023-03-21-08.30-1-204.jpg,0.000845148,0.99725527,0.000506591,0.001238242,0.000151984,2.82E-06
BENGR_Good_2023-03-21-08.30-1-218.jpg,5.26E-06,0.000228053,0.000242806,0.004692217,0.99421906,0.000612587
BENGR_Good_2023-03-21-08.30-1-232.jpg,5.28E-09,1.16E-10,6.20E-06,0.000149918,0.001061464,0.99878246
BENGR_Good_2023-03-21-08.30-1-239.jpg,0.00916081,0.9908392,1.78E-09,7.22E-15,2.73E-16,8.51E-16
BENGR_Good_2023-03-21-08.30-1-281.jpg,0,0,0,0,1.36E-28,1
BENGR_Good_2023-03-21-08.30-1-288.jpg,4.05E-07,0.9999995,5.08E-08,4.40E-08,7.13E-09,1.59E-12
BENGR_Good_2023-03-21-08.30-1-337.jpg,0.022536574,8.55E-05,0.9018276,0.027675673,0.041377977,0.006496683
BENGR_Good_2023-03-21-08.30-1-344.jpg,3.78E-08,4.65E-07,1.58E-05,0.9999752,8.43E-06,9.59E-08
BENGR_Good_2023-03-21-08.30-1-351.jpg,1.94E-21,6.69E-22,1,7.87E-22,5.34E-26,2.29E-32
BENGR_Good_2023-03-21-08.30-1-36.jpg,0.000409937,0.9992567,0.000317768,1.18E-05,3.72E-06,5.77E-08
BENGR_Good_2023-03-21-08.30-1-372.jpg,1.59E-09,8.67E-08,1.44E-06,0.9999887,9.74E-06,3.75E-08
BENGR_Good_2023-03-21-08.30-1-407.jpg,1,7.53E-10,5.07E-13,5.88E-21,6.82E-16,2.15E-11
BENGR_Good_2023-03-21-08.30-1-428.jpg,0.017167864,0.8362658,0.0719929,0.07427044,0.000251015,5.20E-05
BENGR_Good_2023-03-21-08.30-1-50.jpg,1.84E-06,4.49E-06,0.9999864,6.69E-06,5.91E-07,8.15E-09
BENGR_Good_2023-03-21-08.30-1-547.jpg,3.71E-31,5.79E-33,1.14E-25,2.17E-21,1.14E-14,1
BENGR_Good_2023-03-21-08.30-1-57.jpg,4.43E-05,0.000162696,0.002180156,0.004691975,0.99168116,0.001239732
BENGR_Good_2023-03-21-08.30-1-64.jpg,3.46E-08,2.10E-07,1.27E-05,0.99997985,7.17E-06,1.05E-07
BENGR_Good_2023-03-21-08.30-1-71.jpg,0.9963973,0.003601346,9.86E-07,1.52E-11,1.32E-09,4.04E-07
BENGR_Good_2023-03-21-08.30-1-8.jpg,1.18E-08,9.27E-08,4.92E-06,0.99999034,4.54E-06,5.86E-08
BENGR_Good_2023-03-21-08.30-1-85.jpg,3.93E-08,1.31E-09,9.31E-05,0.000192004,0.002914834,0.99679995
BENGR_Good_2023-03-25-08.30-1-1.jpg,2.65E-05,4.17E-05,0.9992706,0.000638179,2.20E-05,9.63E-07
BENGR_Good_2023-03-25-08.30-1-10.jpg,2.87E-06,5.17E-06,0.99996066,3.00E-05,1.41E-06,2.95E-08
BENGR_Good_2023-03-25-08.30-1-13.jpg,1,1.90E-08,2.51E-12,2.51E-19,4.00E-15,9.98E-12
BENGR_Good_2023-03-25-08.30-1-15.jpg,0.61636734,0.001100308,0.027699113,0.34804916,0.004618767,0.002165343
BENGR_Good_2023-03-25-08.30-1-22.jpg,6.56E-13,6.20E-09,1.51E-09,4.50E-06,0.99999547,2.75E-09
BENGR_Good_2023-03-25-08.30-1-23.jpg,2.05E-05,0.001646017,0.000657536,0.004354565,0.99202526,0.001296252
BENGR_Good_2023-03-25-08.30-1-31.jpg,0.014857407,0.000880201,0.1268806,0.000961141,0.2727646,0.583656
BENGR_Good_2023-03-25-08.30-1-34.jpg,8.42E-09,5.32E-08,1.51E-06,3.98E-05,0.9999529,5.70E-06
BENGR_Good_2023-03-25-08.30-1-45.jpg,1.15E-06,1.00E-06,0.99998593,1.16E-05,3.72E-07,4.95E-09
BENGR_Good_2023-03-25-08.30-1-48.jpg,3.09E-08,1.96E-11,0.99999154,6.54E-07,7.73E-06,7.78E-08
BENGR_Good_2023-03-25-08.30-1-5.jpg,7.69E-08,1.49E-09,1.77E-05,9.31E-08,0.000306564,0.99967563
BENGR_Good_2023-03-25-08.30-1-50.jpg,5.90E-14,2.36E-11,7.45E-10,1,5.00E-08,1.24E-11
BENGR_Good_2023-03-25-08.30-1-51.jpg,4.94E-08,1.18E-05,2.11E-06,0.003995557,0.9959777,1.28E-05
BENGR_Good_2023-03-25-08.30-1-62.jpg,1.20E-09,2.38E-09,2.22E-08,1,3.58E-08,4.11E-10
BENGR_Good_2023-03-25-08.30-1-64.jpg,0.004118036,0.9958792,2.73E-06,5.63E-09,4.63E-10,2.32E-11
BENGR_Good_2023-03-25-08.30-1-65.jpg,1.98E-29,2.84E-26,4.54E-26,8.95E-21,4.65E-12,1
BENGR_Good_2023-03-25-08.30-1-66.jpg,0.99989426,9.83E-05,2.85E-06,4.36E-11,2.87E-08,4.52E-06
BENGR_Good_2023-03-25-08.30-1-74.jpg,0.09398507,0.000161419,0.86921525,0.01920507,0.014080823,0.003352338
BENGR_Good_2023-03-25-08.30-1-85.jpg,5.56E-06,3.10E-07,0.99997735,1.43E-05,2.40E-06,6.02E-08
Dimapur_UHFSG_2023-02-02- 09.00-1-13.jpg,9.38E-36,6.11E-36,1.14E-31,1.35E-26,2.15E-17,1
Dimapur_UHFSG_2023-02-02- 09.00-1-20.jpg,0.17510508,0.2353893,0.5220911,0.022894071,0.02946851,0.015051975
Dimapur_UHFSG_2023-02-02- 09.00-1-24.jpg,0.22038276,0.7793137,0.000303403,2.01E-08,1.05E-08,4.93E-08
Dimapur_UHFSG_2023-02-02- 09.00-1-29.jpg,1.66E-17,7.52E-13,2.19E-12,1,2.19E-09,1.32E-14
Dimapur_UHFSG_2023-02-02- 09.00-1-35.jpg,1.39E-11,2.80E-09,2.59E-08,0.99999976,2.12E-07,4.48E-10
Dimapur_UHFSG_2023-02-02- 09.00-1-41.jpg,2.96E-07,4.48E-05,0.026212268,6.71E-06,0.97140753,0.002328391
Dimapur_UHFSG_2023-02-02- 09.00-1-45.jpg,0.000211254,1.91E-06,0.9997662,5.10E-06,1.49E-05,6.93E-07
Dimapur_UHFSG_2023-02-02- 09.00-1-48.jpg,9.58E-16,3.17E-26,1,1.43E-17,1.33E-12,2.34E-15
Dimapur_UHFSG_2023-02-02- 09.00-1-54.jpg,7.12E-15,1.87E-09,4.41E-10,2.69E-07,0.99999976,4.84E-10
Dimapur_UHFSG_2023-02-02- 09.00-1-67.jpg,1.84E-09,1,6.96E-15,7.19E-22,5.69E-24,4.33E-25
Dimapur_UHFSG_2023-02-02- 09.00-1-69.jpg,1.00E-07,1.56E-05,0.006635778,2.64E-06,0.989185,0.004160882
Dimapur_UHFSG_2023-02-02- 09.00-1-70.jpg,7.97E-12,1,6.32E-13,7.31E-15,2.15E-17,4.58E-24
Dimapur_UHFSG_2023-02-02- 09.00-1-71.jpg,0.002521904,0.99722433,0.000253849,1.34E-10,1.03E-10,3.07E-11
Dimapur_UHFSG_2023-02-02- 09.00-1-79.jpg,1.19E-12,2.90E-10,5.21E-09,1,3.16E-08,4.68E-11
Dimapur_UHFSG_2023-02-02- 09.00-1-8.jpg,2.73E-08,1,1.27E-12,2.00E-13,2.81E-18,1.88E-20
Dimapur_UHFSG_2023-02-02- 09.00-2-10.jpg,2.62E-07,2.47E-08,0.9996773,0.000225546,9.32E-05,3.63E-06
Dimapur_UHFSG_2023-02-02- 09.00-2-23.jpg,2.39E-05,5.14E-07,0.9888361,0.00374062,0.007247655,0.000151191
Dimapur_UHFSG_2023-02-02- 09.00-2-24.jpg,1.07E-29,3.45E-17,3.17E-20,3.37E-16,1,3.66E-19
Dimapur_UHFSG_2023-02-02- 09.00-2-3.jpg,1,1.91E-36,0,0,0,0
Dimapur_UHFSG_2023-02-02- 09.00-2-31.jpg,0.8779075,0.00792401,0.06261955,0.002029216,0.022207411,0.027312273
Dimapur_UHFSG_2023-02-02- 09.00-2-48.jpg,7.15E-05,0.00014959,0.01215724,0.027378805,0.95757926,0.002663613
Dimapur_UHFSG_2023-02-02- 09.00-2-5.jpg,0.000107035,1.78E-05,0.00138163,0.99801385,0.000448337,3.14E-05
Dimapur_UHFSG_2023-02-02- 09.00-2-54.jpg,6.35E-24,7.99E-25,8.62E-21,9.02E-18,7.33E-12,1
Dimapur_UHFSG_2023-02-02- 09.00-2-6.jpg,0.99999905,3.27E-07,7.62E-08,6.68E-13,1.16E-09,4.30E-07
Dimapur_UHFSG_2023-02-02- 09.00-3-12.jpg,0.001272333,0.000390277,0.5207369,0.46539152,0.010765549,0.00144342
Dimapur_UHFSG_2023-02-02- 09.00-3-14.jpg,3.73E-10,1.79E-07,2.07E-07,7.97E-05,0.9999193,5.64E-07
Dimapur_UHFSG_2023-02-02- 09.00-3-19.jpg,0,2.38E-27,3.17E-31,2.36E-21,1,9.51E-27
Dimapur_UHFSG_2023-02-02- 09.00-3-2.jpg,0.001291168,0.000127921,0.779645,0.11575914,0.09735047,0.005826258
Dimapur_UHFSG_2023-02-02- 09.00-3-21.jpg,4.02E-06,1.24E-06,0.9999653,2.82E-05,1.30E-06,3.26E-08
Dimapur_UHFSG_2023-02-02- 09.00-3-22.jpg,0.000542025,4.77E-06,0.9578245,0.026958577,0.014072362,0.000597667
Dimapur_UHFSG_2023-02-02- 09.00-3-23.jpg,0.9999403,5.79E-05,2.94E-07,1.97E-12,2.49E-09,1.49E-06
Dimapur_UHFSG_2023-02-02- 09.00-3-36.jpg,3.54E-05,0.000141742,0.000170832,0.0027681,0.9965771,0.000306796
Dimapur_UHFSG_2023-02-02- 09.00-3-42.jpg,0.9989065,0.000602438,0.000431767,4.61E-08,5.71E-06,5.36E-05
Dimapur_UHFSG_2023-02-02- 09.00-3-44.jpg,0.99994767,5.18E-05,2.81E-07,4.99E-13,8.81E-10,2.12E-07
Dimapur_UHFSG_2023-02-02- 09.00-3-48.jpg,1,1.89E-14,4.22E-19,4.99E-28,5.24E-24,7.67E-20
Dimapur_UHFSG_2023-02-02- 09.00-3-49.jpg,0.9817685,0.017346974,0.000469809,6.49E-06,4.13E-05,0.000366897
Dimapur_UHFSG_2023-02-02- 09.00-3-52.jpg,9.65E-07,6.26E-05,0.018305957,1.84E-05,0.9747727,0.006839372
Dimapur_UHFSG_2023-02-02- 09.00-3-56.jpg,5.05E-10,4.98E-09,3.14E-08,0.9999999,1.58E-07,7.52E-10
Dimapur_UHFSG_2023-02-02- 09.00-3-58.jpg,1.68E-17,8.46E-19,7.59E-16,1.08E-14,6.11E-09,1
Dimapur_UHFSG_2023-02-02- 09.00-3-60.jpg,7.57E-19,2.77E-12,7.07E-13,7.25E-10,1,4.05E-13
Dimapur_UHFSG_2023-02-02- 09.00-3-65.jpg,1.47E-07,5.48E-06,8.09E-06,0.000881813,0.9990877,1.68E-05
Dimapur_UHFSG_2023-02-02- 09.00-3-67.jpg,1.22E-05,3.42E-08,0.99620783,0.000423657,0.003298375,5.79E-05
Dimapur_UHFSG_2023-02-02- 09.00-3-7.jpg,1.07E-11,1.73E-08,6.75E-08,0.9999989,9.76E-07,2.76E-10
Dimapur_UHFSG_2023-02-02- 09.00-3-71.jpg,1.92E-10,7.94E-09,2.39E-07,0.9999987,1.02E-06,4.67E-09
Dimapur_UHFSG_2023-02-02- 09.00-3-72.jpg,3.90E-10,1,3.76E-17,2.39E-24,4.10E-28,4.71E-31
Dimapur_UHFSG_2023-02-02- 09.00-4.jpg,0.4458499,0.5540741,7.42E-05,3.03E-07,7.42E-08,1.45E-06
Dimapur_MOD_2023-02-10-08.30-1-1.jpg,1.25E-17,8.48E-11,2.41E-12,1.86E-08,1,8.17E-12
Dimapur_MOD_2023-02-10-08.30-1-11.jpg,1.39E-07,0.9999999,1.45E-08,2.79E-10,3.11E-10,8.47E-14
Dimapur_MOD_2023-02-10-08.30-1-15.jpg,5.97E-10,8.77E-07,7.22E-07,0.9999863,1.22E-05,9.19E-09
Dimapur_MOD_2023-02-10-08.30-1-16.jpg,1.20E-09,1,5.38E-11,1.09E-12,4.62E-16,1.28E-21
Dimapur_MOD_2023-02-10-08.30-1-17.jpg,6.80E-13,1.48E-15,1,5.31E-09,6.48E-09,1.15E-12
Dimapur_MOD_2023-02-10-08.30-1-28.jpg,1.17E-07,4.07E-09,4.58E-05,0.000534368,0.004248732,0.995171
Dimapur_MOD_2023-02-10-08.30-1-32.jpg,4.07E-10,1.66E-06,4.60E-07,0.9999825,1.54E-05,8.68E-09
Dimapur_MOD_2023-02-10-08.30-1-36.jpg,2.89E-05,3.82E-05,0.007755096,0.99186546,0.000300919,1.13E-05
Dimapur_MOD_2023-02-10-08.30-1-39.jpg,1.80E-09,2.26E-08,9.88E-07,0.9999968,2.21E-06,2.43E-08
Dimapur_MOD_2023-02-10-08.30-1-4.jpg,4.80E-11,3.77E-12,1,9.93E-12,8.85E-13,4.35E-16
Dimapur_MOD_2023-02-10-08.30-2.jpg,5.18E-10,8.64E-10,1,1.16E-09,1.30E-09,6.36E-13
Dimapur_MOD_2023-02-10-08.30-2-11.jpg,5.31E-08,1.68E-06,2.83E-06,0.001011127,0.998979,5.41E-06
Dimapur_MOD_2023-02-10-08.30-2-14.jpg,6.49E-17,4.30E-18,4.60E-13,9.38E-14,7.00E-08,0.9999999
Dimapur_MOD_2023-02-10-08.30-2-17.jpg,2.51E-09,5.65E-06,1.31E-06,0.000141789,0.99984896,2.32E-06
Dimapur_MOD_2023-02-10-08.30-2-23.jpg,1.16E-26,7.50E-18,1.26E-18,1.16E-15,1,6.13E-18
Dimapur_MOD_2023-02-10-08.30-2-3.jpg,0.99565,0.004334399,1.13E-05,6.46E-10,4.80E-08,4.32E-06
Dimapur_MOD_2023-02-10-08.30-2-33.jpg,7.42E-10,1.50E-14,0.99999845,9.79E-08,1.44E-06,5.24E-09
Dimapur_MOD_2023-02-10-08.30-2-35.jpg,2.57E-05,1.85E-05,0.89993626,0.09973808,0.000275866,5.64E-06
Dimapur_MOD_2023-02-10-08.30-2-36.jpg,9.08E-13,1.40E-10,6.90E-09,0.99999976,2.57E-07,1.13E-10
Dimapur_MOD_2023-02-10-08.30-2-37.jpg,1.26E-07,3.52E-06,5.12E-05,0.9997825,0.000160429,2.17E-06
Dimapur_MOD_2023-02-10-08.30-2-38.jpg,5.96E-05,0.9999404,1.57E-09,5.96E-13,1.31E-15,2.73E-16
Dimapur_MOD_2023-02-10-08.30-2-41.jpg,6.06E-13,1.14E-12,1.90E-11,3.03E-12,3.08E-05,0.99996924
Dimapur_MOD_2023-02-10-08.30-2-51.jpg,0.9993986,0.000601014,3.72E-07,2.57E-13,8.06E-11,2.91E-08
Dimapur_MOD_2023-02-10-08.30-2-52.jpg,0.9986737,0.000423528,0.000849554,1.21E-05,2.07E-05,2.06E-05
Dimapur_MOD_2023-02-10-08.30-2-55.jpg,3.31E-08,1.06E-08,3.04E-06,2.99E-06,0.000437267,0.9995566
Dimapur_MOD_2023-02-10-08.30-2-58.jpg,4.96E-06,1.39E-08,0.99750865,0.000354146,0.002108503,2.38E-05
Dimapur_MOD_2023-02-10-08.30-2-59.jpg,8.54E-07,1.51E-06,1.23E-07,0.99999046,6.81E-06,2.67E-07
Dimapur_MOD_2023-02-10-08.30-2-62.jpg,5.67E-14,1,1.22E-12,1.49E-17,9.29E-18,1.94E-25
Dimapur_MOD_2023-02-10-08.30-2-63.jpg,4.61E-08,1,1.04E-08,5.04E-11,1.22E-13,4.74E-18
Dimapur_MOD_2023-02-10-08.30-2-66.jpg,1,1.33E-09,4.91E-11,9.55E-17,1.58E-13,4.93E-10
Dimapur_MOD_2023-02-10-08.30-2-74.jpg,0.9992211,0.000204233,0.000251442,5.58E-07,3.41E-05,0.000288487
Dimapur_MOD_2023-02-10-08.30-2-77.jpg,3.33E-05,4.43E-05,0.98698366,0.012847214,8.87E-05,2.69E-06
Dimapur_MOD_2023-02-10-08.30-2-8.jpg,1,3.52E-08,1.61E-11,1.89E-18,3.65E-14,9.14E-11
